2026-07-29T08:13:10.824774Z  INFO edge_worker: Starting Edge worker 0 on 0.0.0.0:8001
2026-07-29T08:13:10.824812Z  INFO edge_worker::server: Worker loadout: 1 program(s) — stateless-validator-reth@v1
2026-07-29T08:13:10.845137Z  INFO register_worker{worker_id=0 max_app_provers=2 max_leaf_provers=2 max_internal_provers=1 worker_role=Full worker_url=http://127.0.0.1:8001}: edge_worker::result_client: Registering worker at http://127.0.0.1:8001 with manager
2026-07-29T08:13:10.845748Z  INFO register_worker{worker_id=0 max_app_provers=2 max_leaf_provers=2 max_internal_provers=1 worker_role=Full worker_url=http://127.0.0.1:8001}: edge_worker::result_client: Successfully registered with manager, confirmed worker_id=0
2026-07-29T08:13:10.845763Z  INFO edge_worker::artifacts::real_artifacts: Initializing artifact store: path=fixtures/work/artifacts, programs=1
2026-07-29T08:13:10.845765Z  INFO edge_worker::artifacts::real_artifacts: Deferral disabled; worker will serve non-deferral proofs only
2026-07-29T08:13:10.845767Z  INFO edge_worker::artifacts::real_artifacts: Loading app_pk from fixtures/work/artifacts/app_pk
2026-07-29T08:13:10.855087Z  INFO edge_worker::artifacts::real_artifacts: Loading agg_stark_pk from fixtures/work/artifacts/agg_stark_pk
2026-07-29T08:13:10.855939Z  INFO edge_worker::artifacts::real_artifacts: Loading vmexe for stateless-validator-reth@v1 from fixtures/work/artifacts/programs/stateless-validator-reth/1/program.vmexe
2026-07-29T08:13:11.097444Z  INFO edge_worker::artifacts::real_artifacts: Successfully loaded Edge artifacts (1 vmexes)
2026-07-29T08:13:11.097464Z  INFO edge_worker::server: Artifact store initialized: programs=1, ready=true
2026-07-29T08:13:11.097471Z  INFO edge_worker::server: Building AppExecutionInstances for 1 program(s) in parallel...
2026-07-29T08:13:11.098332Z  INFO edge_worker::provers::sharded_app_prover::real_impl: Creating AppExecutionInstances for stateless-validator-reth@v1...
2026-07-29T08:13:11.602726Z  INFO prover.commit{phase="prover"}:stacked_commit: openvm_cuda_common::memory_manager: GPU mem: used=+0 B, current=85.9 MiB, peak=85.9 MiB, in pool=48.0 MiB (prover.stacked_commit:before stacked_commit)
2026-07-29T08:13:11.602773Z  INFO prover.commit{phase="prover"}:stacked_commit: openvm_cuda_backend::stacked_pcs: stacked_matrix_dimensions height=16777216 width=1
2026-07-29T08:13:11.605285Z  INFO prover.commit{phase="prover"}:stacked_commit:rs_code_matrix: openvm_cuda_common::memory_manager: GPU mem: used=+128.0 MiB, current=213.9 MiB, peak=213.9 MiB, in pool=176.0 MiB (prover.rs_code_matrix)
2026-07-29T08:13:11.622364Z  INFO prover.commit{phase="prover"}:stacked_commit:merkle_tree: openvm_cuda_common::memory_manager: GPU mem: used=-32 B, current=213.9 MiB, peak=277.9 MiB, in pool=240.0 MiB (prover.merkle_tree)
2026-07-29T08:13:11.622380Z  INFO prover.commit{phase="prover"}:stacked_commit: openvm_cuda_common::memory_manager: GPU mem: used=+128.0 MiB, current=213.9 MiB, peak=277.9 MiB, in pool=240.0 MiB (prover.stacked_commit)
2026-07-29T08:13:11.646574Z  INFO edge_worker::provers::sharded_app_prover::real_impl: AppExecutionInstances[stateless-validator-reth@v1] (a) new_local_prover (GPU, temporary) took 548ms
2026-07-29T08:13:40.612761Z  INFO edge_worker::provers::sharded_app_prover::real_impl: AppExecutionInstances[stateless-validator-reth@v1] (b) pure interpreter (AOT) took 28966ms
2026-07-29T08:14:17.475227Z  INFO edge_worker::provers::sharded_app_prover::real_impl: AppExecutionInstances[stateless-validator-reth@v1] (c) metered interpreter (AOT) took 36862ms
2026-07-29T08:14:17.587471Z  INFO edge_worker::provers::sharded_app_prover::real_impl: AppExecutionInstances[stateless-validator-reth@v1] ready (CPU-only): total=66489ms (gpu_temp=548ms pure=28966ms metered=36862ms)
2026-07-29T08:14:17.587499Z  INFO edge_worker::server: All AppExecutionInstances ready in 66490 ms (programs=1)
2026-07-29T08:14:17.587504Z  INFO edge_worker::prover_pool: Creating prover pool (role=Full): app=2, leaf=2, internal=1
2026-07-29T08:14:17.587746Z  WARN edge_worker::prover_pool: Failed to set thread priority for app-prover-1: the operating system returned error code 13
2026-07-29T08:14:17.587809Z  INFO edge_worker::prover_pool: Worker app-prover-1 starting (unloaded — lazy program load)
2026-07-29T08:14:17.587753Z  WARN edge_worker::prover_pool: Failed to set thread priority for leaf-prover-1: the operating system returned error code 13
2026-07-29T08:14:17.587850Z  INFO edge_worker::prover_pool: Worker leaf-prover-1 starting, initializing prover...
2026-07-29T08:14:17.587767Z  WARN edge_worker::prover_pool: Failed to set thread priority for leaf-prover-0: the operating system returned error code 13
2026-07-29T08:14:17.587892Z  INFO edge_worker::prover_pool: Worker leaf-prover-0 starting, initializing prover...
2026-07-29T08:14:17.587748Z  WARN edge_worker::prover_pool: Failed to set thread priority for app-prover-0: the operating system returned error code 13
2026-07-29T08:14:17.587939Z  INFO edge_worker::prover_pool: Worker app-prover-0 starting (unloaded — lazy program load)
2026-07-29T08:14:17.587760Z  WARN edge_worker::prover_pool: Failed to set thread priority for internal-prover-0: the operating system returned error code 13
2026-07-29T08:14:17.587987Z  INFO edge_worker::prover_pool: Worker internal-prover-0 starting, initializing prover...
2026-07-29T08:14:17.587992Z  INFO edge_worker::provers::internal_prover::real_impl: Creating InternalProverInstance (deferral_mode=false)
2026-07-29T08:14:17.591353Z  INFO prover.commit{phase="prover"}:stacked_commit: openvm_cuda_common::memory_manager: GPU mem: used=+0 B, current=1.5 MiB, peak=277.9 MiB, in pool=240.0 MiB (prover.stacked_commit:before stacked_commit)
2026-07-29T08:14:17.591385Z  INFO prover.commit{phase="prover"}:stacked_commit: openvm_cuda_backend::stacked_pcs: stacked_matrix_dimensions height=524288 width=1
2026-07-29T08:14:17.591702Z  INFO prover.commit{phase="prover"}:stacked_commit:rs_code_matrix: openvm_cuda_common::memory_manager: GPU mem: used=+16.0 MiB, current=17.5 MiB, peak=17.5 MiB, in pool=240.0 MiB (prover.rs_code_matrix)
2026-07-29T08:14:17.593385Z  INFO edge_worker::provers::leaf_prover::real_impl: Creating LeafProverInstance (deferral_mode=false)
2026-07-29T08:14:17.594230Z  INFO prover.commit{phase="prover"}:stacked_commit:merkle_tree: openvm_cuda_common::memory_manager: GPU mem: used=-32 B, current=17.5 MiB, peak=25.5 MiB, in pool=240.0 MiB (prover.merkle_tree)
2026-07-29T08:14:17.594243Z  INFO prover.commit{phase="prover"}:stacked_commit: openvm_cuda_common::memory_manager: GPU mem: used=+16.0 MiB, current=17.5 MiB, peak=25.5 MiB, in pool=240.0 MiB (prover.stacked_commit)
2026-07-29T08:14:17.594519Z  INFO edge_worker::provers::leaf_prover::real_impl: Creating LeafProverInstance (deferral_mode=false)
2026-07-29T08:14:17.626004Z  INFO prover.commit{phase="prover"}:stacked_commit: openvm_cuda_common::memory_manager: GPU mem: used=+0 B, current=82.0 MiB, peak=82.0 MiB, in pool=240.0 MiB (prover.stacked_commit:before stacked_commit)
2026-07-29T08:14:17.626060Z  INFO prover.commit{phase="prover"}:stacked_commit: openvm_cuda_backend::stacked_pcs: stacked_matrix_dimensions height=2097152 width=3
2026-07-29T08:14:17.626125Z  INFO prover.commit{phase="prover"}:stacked_commit:rs_code_matrix: openvm_cuda_common::memory_manager: GPU mem: used=+96.0 MiB, current=178.0 MiB, peak=178.0 MiB, in pool=240.0 MiB (prover.rs_code_matrix)
2026-07-29T08:14:17.628968Z  INFO edge_worker::server: Edge Worker listening on 0.0.0.0:8001
2026-07-29T08:14:17.630128Z  INFO register_worker{worker_id=0 max_app_provers=2 max_leaf_provers=2 max_internal_provers=1 worker_role=Full worker_url=http://127.0.0.1:8001}: edge_worker::result_client: Registering worker at http://127.0.0.1:8001 with manager
2026-07-29T08:14:17.630554Z  INFO register_worker{worker_id=0 max_app_provers=2 max_leaf_provers=2 max_internal_provers=1 worker_role=Full worker_url=http://127.0.0.1:8001}: edge_worker::result_client: Successfully registered with manager, confirmed worker_id=0
2026-07-29T08:14:17.643229Z  INFO prover.commit{phase="prover"}:stacked_commit: openvm_cuda_common::memory_manager: GPU mem: used=+0 B, current=112.0 MiB, peak=194.0 MiB, in pool=240.0 MiB (prover.stacked_commit:before stacked_commit)
2026-07-29T08:14:17.643266Z  INFO prover.commit{phase="prover"}:stacked_commit: openvm_cuda_backend::stacked_pcs: stacked_matrix_dimensions height=2097152 width=3
2026-07-29T08:14:17.643320Z  INFO prover.commit{phase="prover"}:stacked_commit:rs_code_matrix: openvm_cuda_common::memory_manager: GPU mem: used=+97.2 MiB, current=209.2 MiB, peak=209.2 MiB, in pool=240.0 MiB (prover.rs_code_matrix)
2026-07-29T08:14:17.648106Z  INFO prover.commit{phase="prover"}:stacked_commit:merkle_tree: openvm_cuda_common::memory_manager: GPU mem: used=-30.6 MiB, current=147.4 MiB, peak=225.2 MiB, in pool=240.0 MiB (prover.merkle_tree)
2026-07-29T08:14:17.648122Z  INFO prover.commit{phase="prover"}:stacked_commit: openvm_cuda_common::memory_manager: GPU mem: used=+65.4 MiB, current=147.4 MiB, peak=225.2 MiB, in pool=240.0 MiB (prover.stacked_commit)
2026-07-29T08:14:17.650999Z  INFO prover.commit{phase="prover"}:stacked_commit:merkle_tree: openvm_cuda_common::memory_manager: GPU mem: used=-61.7 MiB, current=147.4 MiB, peak=225.2 MiB, in pool=240.0 MiB (prover.merkle_tree)
2026-07-29T08:14:17.651019Z  INFO prover.commit{phase="prover"}:stacked_commit: openvm_cuda_common::memory_manager: GPU mem: used=+35.4 MiB, current=147.4 MiB, peak=225.2 MiB, in pool=240.0 MiB (prover.stacked_commit)
2026-07-29T08:14:17.657841Z  INFO edge_worker::provers::internal_prover::real_impl: Created internal_for_leaf_prover
2026-07-29T08:14:17.659702Z  INFO prover.commit{phase="prover"}:stacked_commit: openvm_cuda_common::memory_manager: GPU mem: used=+0 B, current=150.3 MiB, peak=225.2 MiB, in pool=240.0 MiB (prover.stacked_commit:before stacked_commit)
2026-07-29T08:14:17.659726Z  INFO prover.commit{phase="prover"}:stacked_commit: openvm_cuda_backend::stacked_pcs: stacked_matrix_dimensions height=524288 width=1
2026-07-29T08:14:17.659771Z  INFO prover.commit{phase="prover"}:stacked_commit:rs_code_matrix: openvm_cuda_common::memory_manager: GPU mem: used=+16.0 MiB, current=166.3 MiB, peak=166.3 MiB, in pool=240.0 MiB (prover.rs_code_matrix)
2026-07-29T08:14:17.662344Z  INFO prover.commit{phase="prover"}:stacked_commit:merkle_tree: openvm_cuda_common::memory_manager: GPU mem: used=+132.5 KiB, current=166.4 MiB, peak=174.3 MiB, in pool=240.0 MiB (prover.merkle_tree)
2026-07-29T08:14:17.662349Z  INFO prover.commit{phase="prover"}:stacked_commit: openvm_cuda_common::memory_manager: GPU mem: used=+16.1 MiB, current=166.4 MiB, peak=174.3 MiB, in pool=240.0 MiB (prover.stacked_commit)
2026-07-29T08:14:17.701346Z  INFO edge_worker::provers::leaf_prover::real_impl: LeafProverInstance created successfully
2026-07-29T08:14:17.701365Z  INFO edge_worker::prover_pool: Worker leaf-prover-1 prover initialized successfully
2026-07-29T08:14:17.701913Z  INFO edge_worker::provers::leaf_prover::real_impl: LeafProverInstance created successfully
2026-07-29T08:14:17.701920Z  INFO edge_worker::prover_pool: Worker leaf-prover-0 prover initialized successfully
2026-07-29T08:14:17.707870Z  INFO prover.commit{phase="prover"}:stacked_commit: openvm_cuda_common::memory_manager: GPU mem: used=+0 B, current=173.9 MiB, peak=174.3 MiB, in pool=240.0 MiB (prover.stacked_commit:before stacked_commit)
2026-07-29T08:14:17.707887Z  INFO prover.commit{phase="prover"}:stacked_commit: openvm_cuda_backend::stacked_pcs: stacked_matrix_dimensions height=524288 width=1
2026-07-29T08:14:17.707933Z  INFO prover.commit{phase="prover"}:stacked_commit:rs_code_matrix: openvm_cuda_common::memory_manager: GPU mem: used=+16.0 MiB, current=189.9 MiB, peak=189.9 MiB, in pool=240.0 MiB (prover.rs_code_matrix)
2026-07-29T08:14:17.710437Z  INFO prover.commit{phase="prover"}:stacked_commit:merkle_tree: openvm_cuda_common::memory_manager: GPU mem: used=-32 B, current=189.9 MiB, peak=197.9 MiB, in pool=240.0 MiB (prover.merkle_tree)
2026-07-29T08:14:17.710441Z  INFO prover.commit{phase="prover"}:stacked_commit: openvm_cuda_common::memory_manager: GPU mem: used=+16.0 MiB, current=189.9 MiB, peak=197.9 MiB, in pool=240.0 MiB (prover.stacked_commit)
2026-07-29T08:14:17.710454Z  INFO edge_worker::provers::internal_prover::real_impl: Created internal_recursive_prover
2026-07-29T08:14:17.710456Z  INFO edge_worker::provers::internal_prover::real_impl: InternalProverInstance created successfully
2026-07-29T08:14:17.710457Z  INFO edge_worker::prover_pool: Worker internal-prover-0 prover initialized successfully
2026-07-29T08:14:20.722687Z  INFO edge_worker::handlers: Received upload_input_compact for proof repro-01: raw=72346 bytes serialized=289408 bytes
2026-07-29T08:14:20.723113Z  INFO edge_worker::handlers: Input file written to "/dev/shm/edge_repro-01/input.bin"
2026-07-29T08:14:20.728222Z  INFO handle_sharded_app_prove{proof_uuid=repro-01}: edge_worker::handlers: Received sharded_app_prove for proof repro-01: prover_id=0, num_provers=1, deferral_circuits=0
2026-07-29T08:14:20.728361Z  INFO edge_worker::prover_pool: Submitting parallel app job for stateless-validator-reth@v1: max_app_provers=2
2026-07-29T08:14:20.728381Z  INFO edge_worker::prover_pool: Dispatched app job to slot=0
2026-07-29T08:14:20.728444Z  INFO edge_worker::prover_pool: loading GPU prover worker="app-prover-0" to=stateless-validator-reth@v1
2026-07-29T08:14:20.728365Z  INFO edge_worker::handlers: Sender task started for proof repro-01
2026-07-29T08:14:20.734646Z  INFO edge_worker::prover_pool: loading GPU prover worker="app-prover-1" to=stateless-validator-reth@v1
2026-07-29T08:14:21.230380Z  INFO prover.commit{phase="prover"}:stacked_commit: openvm_cuda_common::memory_manager: GPU mem: used=+0 B, current=313.8 MiB, peak=313.8 MiB, in pool=240.0 MiB (prover.stacked_commit:before stacked_commit)
2026-07-29T08:14:21.230472Z  INFO prover.commit{phase="prover"}:stacked_commit: openvm_cuda_backend::stacked_pcs: stacked_matrix_dimensions height=16777216 width=1
2026-07-29T08:14:21.230947Z  INFO prover.commit{phase="prover"}:stacked_commit:rs_code_matrix: openvm_cuda_common::memory_manager: GPU mem: used=+128.0 MiB, current=441.8 MiB, peak=441.8 MiB, in pool=272.0 MiB (prover.rs_code_matrix)
2026-07-29T08:14:21.248537Z  INFO prover.commit{phase="prover"}:stacked_commit:merkle_tree: openvm_cuda_common::memory_manager: GPU mem: used=+48.0 MiB, current=489.8 MiB, peak=505.8 MiB, in pool=336.0 MiB (prover.merkle_tree)
2026-07-29T08:14:21.248561Z  INFO prover.commit{phase="prover"}:stacked_commit: openvm_cuda_common::memory_manager: GPU mem: used=+176.0 MiB, current=489.8 MiB, peak=505.8 MiB, in pool=336.0 MiB (prover.stacked_commit)
2026-07-29T08:14:21.262772Z  INFO prover.commit{phase="prover"}:stacked_commit: openvm_cuda_common::memory_manager: GPU mem: used=+0 B, current=489.8 MiB, peak=505.8 MiB, in pool=336.0 MiB (prover.stacked_commit:before stacked_commit)
2026-07-29T08:14:21.262795Z  INFO prover.commit{phase="prover"}:stacked_commit: openvm_cuda_backend::stacked_pcs: stacked_matrix_dimensions height=16777216 width=1
2026-07-29T08:14:21.263246Z  INFO prover.commit{phase="prover"}:stacked_commit:rs_code_matrix: openvm_cuda_common::memory_manager: GPU mem: used=+128.0 MiB, current=617.8 MiB, peak=617.8 MiB, in pool=432.0 MiB (prover.rs_code_matrix)
2026-07-29T08:14:21.270998Z  INFO edge_worker::provers::sharded_app_prover::real_impl: build_gpu_prover[stateless-validator-reth@v1] took 536ms
2026-07-29T08:14:21.271009Z  INFO edge_worker::provers::sharded_app_prover::real_impl: Parallel coordinator: prover_id=0, num_provers=1, max_app_provers=2
2026-07-29T08:14:21.280860Z  INFO prover.commit{phase="prover"}:stacked_commit:merkle_tree: openvm_cuda_common::memory_manager: GPU mem: used=-32 B, current=617.8 MiB, peak=681.8 MiB, in pool=496.0 MiB (prover.merkle_tree)
2026-07-29T08:14:21.280873Z  INFO prover.commit{phase="prover"}:stacked_commit: openvm_cuda_common::memory_manager: GPU mem: used=+128.0 MiB, current=617.8 MiB, peak=681.8 MiB, in pool=496.0 MiB (prover.stacked_commit)
2026-07-29T08:14:21.302905Z  INFO edge_worker::provers::sharded_app_prover::real_impl: build_gpu_prover[stateless-validator-reth@v1] took 574ms
2026-07-29T08:14:21.480774Z  INFO edge_worker::provers::sharded_app_prover::real_impl: Executor thread (parallel): starting metered execution
2026-07-29T08:14:21.495948Z  INFO execute_metered: openvm_circuit::arch::execution_mode::metered::segment_ctx: overshoot: instret   10616000 | total memory (15.0 GiB) > max (15.0 GiB) | main (3.2 GiB) | interaction (11.9 GiB)
2026-07-29T08:14:21.495974Z  INFO execute_metered: openvm_circuit::arch::execution_mode::metered::segment_ctx: Segment   0 | instret          0 | 10615000 instructions | 12.0 GiB memory (2.6 GiB, 9.4 GiB) |  200879553 interactions |  4194304 max height (VmAirWrapper<Rv32BaseAluAdapterAir, BaseAluCoreAir<4, 8>) | 73.10% memory util
2026-07-29T08:14:21.635830Z  INFO edge_worker::provers::sharded_app_prover::real_impl: Executor (parallel): sending segment 0 for proving
2026-07-29T08:14:21.635939Z  INFO edge_worker::provers::sharded_app_prover::real_impl: Coordinator-consumer: proving segment 0
2026-07-29T08:14:21.788609Z  INFO execute_metered: openvm_circuit::arch::execution_mode::metered::segment_ctx: overshoot: instret   26011000 | total memory (15.4 GiB) > max (15.0 GiB) | main (2.9 GiB) | interaction (12.5 GiB)
2026-07-29T08:14:21.788631Z  INFO execute_metered: openvm_circuit::arch::execution_mode::metered::segment_ctx: Segment   1 | instret   10615000 | 15395000 instructions | 14.9 GiB memory (2.8 GiB, 12.1 GiB) |  286285690 interactions |  8388608 max height (VmAirWrapper<Rv32BaseAluAdapterAir, BaseAluCoreAir<4, 8>) | 80.52% memory util
2026-07-29T08:14:21.788719Z  INFO edge_worker::provers::sharded_app_prover::real_impl: Executor (parallel): sending segment 1 for proving
2026-07-29T08:14:21.788797Z  INFO edge_worker::provers::sharded_app_prover::real_impl: Consumer: proving segment 1
2026-07-29T08:14:21.941135Z  INFO execute_metered: openvm_circuit::arch::execution_mode::metered::segment_ctx: overshoot: instret   41404000 | total memory (15.4 GiB) > max (15.0 GiB) | main (2.9 GiB) | interaction (12.5 GiB)
2026-07-29T08:14:21.941153Z  INFO execute_metered: openvm_circuit::arch::execution_mode::metered::segment_ctx: Segment   2 | instret   26010000 | 15393000 instructions | 14.9 GiB memory (2.8 GiB, 12.1 GiB) |  286250715 interactions |  8388608 max height (VmAirWrapper<Rv32BaseAluAdapterAir, BaseAluCoreAir<4, 8>) | 80.51% memory util
2026-07-29T08:14:21.941245Z  INFO edge_worker::provers::sharded_app_prover::real_impl: Executor (parallel): sending segment 2 for proving
2026-07-29T08:14:22.094952Z  INFO execute_metered: openvm_circuit::arch::execution_mode::metered::segment_ctx: overshoot: instret   56797000 | total memory (15.4 GiB) > max (15.0 GiB) | main (2.9 GiB) | interaction (12.5 GiB)
2026-07-29T08:14:22.094976Z  INFO execute_metered: openvm_circuit::arch::execution_mode::metered::segment_ctx: Segment   3 | instret   41403000 | 15393000 instructions | 14.9 GiB memory (2.8 GiB, 12.1 GiB) |  286249002 interactions |  8388608 max height (VmAirWrapper<Rv32BaseAluAdapterAir, BaseAluCoreAir<4, 8>) | 80.51% memory util
2026-07-29T08:14:22.095068Z  INFO edge_worker::provers::sharded_app_prover::real_impl: Executor (parallel): sending segment 3 for proving
2026-07-29T08:14:22.210878Z  INFO vm.transport_init_memory:set_initial_memory: openvm_cuda_common::memory_manager: GPU mem: used=+9.0 GiB, current=9.6 GiB, peak=9.6 GiB, in pool=9.4 GiB (set initial memory)
2026-07-29T08:14:22.211067Z  INFO vm.transport_init_memory:set_initial_memory: openvm_cuda_common::memory_manager: GPU mem: used=+8.5 GiB, current=9.6 GiB, peak=9.6 GiB, in pool=9.4 GiB (set initial memory)
2026-07-29T08:14:22.254619Z  INFO execute_metered: openvm_circuit::arch::execution_mode::metered::segment_ctx: overshoot: instret   72191000 | total memory (15.4 GiB) > max (15.0 GiB) | main (2.9 GiB) | interaction (12.5 GiB)
2026-07-29T08:14:22.254643Z  INFO execute_metered: openvm_circuit::arch::execution_mode::metered::segment_ctx: Segment   4 | instret   56796000 | 15394000 instructions | 14.9 GiB memory (2.8 GiB, 12.1 GiB) |  286267552 interactions |  8388608 max height (VmAirWrapper<Rv32BaseAluAdapterAir, BaseAluCoreAir<4, 8>) | 80.52% memory util
2026-07-29T08:14:22.254748Z  INFO edge_worker::provers::sharded_app_prover::real_impl: Executor (parallel): sending segment 4 for proving
2026-07-29T08:14:22.417629Z  INFO execute_metered: openvm_circuit::arch::execution_mode::metered::segment_ctx: overshoot: instret   87586000 | total memory (15.4 GiB) > max (15.0 GiB) | main (2.9 GiB) | interaction (12.5 GiB)
2026-07-29T08:14:22.417658Z  INFO execute_metered: openvm_circuit::arch::execution_mode::metered::segment_ctx: Segment   5 | instret   72190000 | 15395000 instructions | 14.9 GiB memory (2.8 GiB, 12.1 GiB) |  286286832 interactions |  8388608 max height (VmAirWrapper<Rv32BaseAluAdapterAir, BaseAluCoreAir<4, 8>) | 80.52% memory util
2026-07-29T08:14:22.417786Z  INFO edge_worker::provers::sharded_app_prover::real_impl: Executor (parallel): sending segment 5 for proving
2026-07-29T08:14:22.526350Z  INFO trace_gen:system_trace_gen:generate_proving_ctxs: openvm_cuda_common::memory_manager: GPU mem: used=+25.4 MiB, current=9.6 GiB, peak=9.6 GiB, in pool=9.4 GiB (generate mem proving ctxs:merkle update)
2026-07-29T08:14:22.528147Z  INFO trace_gen:system_trace_gen:generate_proving_ctxs: openvm_cuda_common::memory_manager: GPU mem: used=+49.9 MiB, current=9.7 GiB, peak=9.7 GiB, in pool=9.4 GiB (generate mem proving ctxs:boundary tracegen)
2026-07-29T08:14:22.528207Z  INFO trace_gen:system_trace_gen:generate_proving_ctxs: openvm_cuda_common::memory_manager: GPU mem: used=+60.4 MiB, current=9.7 GiB, peak=9.7 GiB, in pool=9.4 GiB (generate mem proving ctxs:dropping merkle tree)
2026-07-29T08:14:22.528526Z  INFO trace_gen:system_trace_gen:generate_proving_ctxs: openvm_cuda_common::memory_manager: GPU mem: used=-4.4 GiB, current=5.2 GiB, peak=9.7 GiB, in pool=9.4 GiB (generate mem proving ctxs)
2026-07-29T08:14:22.580911Z  INFO execute_metered: openvm_circuit::arch::execution_mode::metered::segment_ctx: overshoot: instret  102979000 | total memory (15.4 GiB) > max (15.0 GiB) | main (2.9 GiB) | interaction (12.5 GiB)
2026-07-29T08:14:22.580940Z  INFO execute_metered: openvm_circuit::arch::execution_mode::metered::segment_ctx: Segment   6 | instret   87585000 | 15393000 instructions | 14.9 GiB memory (2.8 GiB, 12.1 GiB) |  286250432 interactions |  8388608 max height (VmAirWrapper<Rv32BaseAluAdapterAir, BaseAluCoreAir<4, 8>) | 80.51% memory util
2026-07-29T08:14:22.581006Z  INFO edge_worker::provers::sharded_app_prover::real_impl: Executor (parallel): sending segment 6 for proving
2026-07-29T08:14:22.683316Z  INFO trace_gen:system_trace_gen:generate_proving_ctxs: openvm_cuda_common::memory_manager: GPU mem: used=+115.2 MiB, current=6.6 GiB, peak=9.7 GiB, in pool=9.4 GiB (generate mem proving ctxs:merkle update)
2026-07-29T08:14:22.688110Z  INFO trace_gen:system_trace_gen:generate_proving_ctxs: openvm_cuda_common::memory_manager: GPU mem: used=+180.4 MiB, current=6.7 GiB, peak=9.7 GiB, in pool=9.4 GiB (generate mem proving ctxs:boundary tracegen)
2026-07-29T08:14:22.688123Z  INFO trace_gen:system_trace_gen:generate_proving_ctxs: openvm_cuda_common::memory_manager: GPU mem: used=+181.7 MiB, current=6.7 GiB, peak=9.7 GiB, in pool=9.4 GiB (generate mem proving ctxs:dropping merkle tree)
2026-07-29T08:14:22.702191Z  INFO trace_gen:system_trace_gen:generate_proving_ctxs: openvm_cuda_common::memory_manager: GPU mem: used=-4.3 GiB, current=2.2 GiB, peak=9.7 GiB, in pool=9.4 GiB (generate mem proving ctxs)
2026-07-29T08:14:22.919674Z  INFO stark_prove_excluding_trace{phase="prover"}: openvm_stark_backend::prover: num_airs_present=36
2026-07-29T08:14:22.919695Z  INFO stark_prove_excluding_trace{phase="prover"}:prover.main_trace_commit{phase="prover"}:prover.commit{phase="prover"}:stacked_commit: openvm_cuda_common::memory_manager: GPU mem: used=+0 B, current=4.2 GiB, peak=9.7 GiB, in pool=9.4 GiB (prover.stacked_commit:before stacked_commit)
2026-07-29T08:14:22.919780Z  INFO stark_prove_excluding_trace{phase="prover"}:prover.main_trace_commit{phase="prover"}:prover.commit{phase="prover"}:stacked_commit: openvm_cuda_backend::stacked_pcs: stacked_matrix_dimensions height=16777216 width=37
2026-07-29T08:14:22.942727Z  INFO stark_prove_excluding_trace{phase="prover"}:prover.main_trace_commit{phase="prover"}:prover.commit{phase="prover"}:stacked_commit:rs_code_matrix: openvm_cuda_common::memory_manager: GPU mem: used=+4.7 GiB, current=8.8 GiB, peak=8.8 GiB, in pool=9.4 GiB (prover.rs_code_matrix)
2026-07-29T08:14:23.020520Z  INFO stark_prove_excluding_trace{phase="prover"}:prover.main_trace_commit{phase="prover"}:prover.commit{phase="prover"}:stacked_commit:merkle_tree: openvm_cuda_common::memory_manager: GPU mem: used=-4.1 GiB, current=4.7 GiB, peak=8.9 GiB, in pool=9.4 GiB (prover.merkle_tree)
2026-07-29T08:14:23.020547Z  INFO stark_prove_excluding_trace{phase="prover"}:prover.main_trace_commit{phase="prover"}:prover.commit{phase="prover"}:stacked_commit: openvm_cuda_common::memory_manager: GPU mem: used=+544.0 MiB, current=4.7 GiB, peak=8.9 GiB, in pool=9.4 GiB (prover.stacked_commit)
2026-07-29T08:14:23.020564Z  INFO stark_prove_excluding_trace{phase="prover"}:prover.main_trace_commit{phase="prover"}: openvm_stark_backend::prover::metrics: total_trace_cells = 619_934_034 (excluding preprocessed)
2026-07-29T08:14:23.020567Z  INFO stark_prove_excluding_trace{phase="prover"}:prover.main_trace_commit{phase="prover"}: openvm_stark_backend::prover::metrics: preprocessed_trace_cells = 0
2026-07-29T08:14:23.020568Z  INFO stark_prove_excluding_trace{phase="prover"}:prover.main_trace_commit{phase="prover"}: openvm_stark_backend::prover::metrics: main_trace_cells = 619_934_034
2026-07-29T08:14:23.020949Z  INFO stark_prove_excluding_trace{phase="prover"}:prover.rap_constraints{phase="prover"}:prove_zerocheck_and_logup_gpu:prover.rap_constraints.logup_gkr{phase="prover"}: openvm_cuda_backend::logup_zerocheck: n_global=25 n_logup=25
2026-07-29T08:14:23.193146Z  INFO stark_prove_excluding_trace{phase="prover"}:prover.rap_constraints{phase="prover"}:prove_zerocheck_and_logup_gpu:prover.rap_constraints.logup_gkr{phase="prover"}:fractional_sumcheck_gpu: openvm_cuda_common::memory_manager: GPU mem: used=+9.2 GiB, current=13.9 GiB, peak=14.2 GiB, in pool=13.9 GiB (prover.logup_zerocheck_prover:fractional_sumcheck_gkr: after building segment tree)
2026-07-29T08:14:23.274919Z  INFO stark_prove_excluding_trace{phase="prover"}: openvm_stark_backend::prover: num_airs_present=21
2026-07-29T08:14:23.274933Z  INFO stark_prove_excluding_trace{phase="prover"}:prover.main_trace_commit{phase="prover"}:prover.commit{phase="prover"}:stacked_commit: openvm_cuda_common::memory_manager: GPU mem: used=+0 B, current=14.9 GiB, peak=14.9 GiB, in pool=14.6 GiB (prover.stacked_commit:before stacked_commit)
2026-07-29T08:14:23.274956Z  INFO stark_prove_excluding_trace{phase="prover"}:prover.main_trace_commit{phase="prover"}:prover.commit{phase="prover"}:stacked_commit: openvm_cuda_backend::stacked_pcs: stacked_matrix_dimensions height=16777216 width=43
2026-07-29T08:14:23.285949Z  INFO stark_prove_excluding_trace{phase="prover"}:prover.main_trace_commit{phase="prover"}:prover.commit{phase="prover"}:stacked_commit:rs_code_matrix: openvm_cuda_common::memory_manager: GPU mem: used=+5.4 GiB, current=20.3 GiB, peak=20.3 GiB, in pool=20.0 GiB (prover.rs_code_matrix)
2026-07-29T08:14:23.385761Z  INFO stark_prove_excluding_trace{phase="prover"}:prover.main_trace_commit{phase="prover"}:prover.commit{phase="prover"}:stacked_commit:merkle_tree: openvm_cuda_common::memory_manager: GPU mem: used=-5.2 GiB, current=15.0 GiB, peak=20.3 GiB, in pool=20.0 GiB (prover.merkle_tree)
2026-07-29T08:14:23.385781Z  INFO stark_prove_excluding_trace{phase="prover"}:prover.main_trace_commit{phase="prover"}:prover.commit{phase="prover"}:stacked_commit: openvm_cuda_common::memory_manager: GPU mem: used=+128.0 MiB, current=15.0 GiB, peak=20.3 GiB, in pool=20.0 GiB (prover.stacked_commit)
2026-07-29T08:14:23.385793Z  INFO stark_prove_excluding_trace{phase="prover"}:prover.main_trace_commit{phase="prover"}: openvm_stark_backend::prover::metrics: total_trace_cells = 730_150_412 (excluding preprocessed)
2026-07-29T08:14:23.385795Z  INFO stark_prove_excluding_trace{phase="prover"}:prover.main_trace_commit{phase="prover"}: openvm_stark_backend::prover::metrics: preprocessed_trace_cells = 0
2026-07-29T08:14:23.385831Z  INFO stark_prove_excluding_trace{phase="prover"}:prover.main_trace_commit{phase="prover"}: openvm_stark_backend::prover::metrics: main_trace_cells = 730_150_412
2026-07-29T08:14:23.386060Z  INFO stark_prove_excluding_trace{phase="prover"}:prover.rap_constraints{phase="prover"}:prove_zerocheck_and_logup_gpu:prover.rap_constraints.logup_gkr{phase="prover"}: openvm_cuda_backend::logup_zerocheck: n_global=25 n_logup=25
2026-07-29T08:14:23.436759Z  INFO stark_prove_excluding_trace{phase="prover"}:prover.rap_constraints{phase="prover"}:prove_zerocheck_and_logup_gpu:prover.rap_constraints.logup_gkr{phase="prover"}:fractional_sumcheck_gpu: openvm_cuda_common::memory_manager: GPU mem: used=+10.8 GiB, current=25.9 GiB, peak=26.0 GiB, in pool=25.6 GiB (prover.logup_zerocheck_prover:fractional_sumcheck_gkr: after building segment tree)
2026-07-29T08:14:23.622580Z  INFO stark_prove_excluding_trace{phase="prover"}:prover.rap_constraints{phase="prover"}:prove_zerocheck_and_logup_gpu:prover.rap_constraints.logup_gkr{phase="prover"}:fractional_sumcheck_gpu: openvm_cuda_common::memory_manager: GPU mem: used=+22.2 GiB, current=26.9 GiB, peak=26.9 GiB, in pool=26.5 GiB (prover.logup_zerocheck_prover:after_fractional_sumcheck_gkr)
2026-07-29T08:14:23.712935Z  INFO stark_prove_excluding_trace{phase="prover"}:prover.rap_constraints{phase="prover"}:prove_zerocheck_and_logup_gpu:prover.rap_constraints.logup_gkr{phase="prover"}:fractional_sumcheck_gpu: openvm_cuda_common::memory_manager: GPU mem: used=+2.9 GiB, current=17.9 GiB, peak=19.0 GiB, in pool=26.5 GiB (prover.logup_zerocheck_prover:after_fractional_sumcheck_gkr)
2026-07-29T08:14:23.928163Z  INFO stark_prove_excluding_trace{phase="prover"}:prover.rap_constraints{phase="prover"}:prove_zerocheck_and_logup_gpu:prover.rap_constraints.mle_rounds{phase="prover"}: openvm_cuda_common::memory_manager: GPU mem: used=-8.5 GiB, current=6.5 GiB, peak=8.3 GiB, in pool=26.5 GiB (prover.logup_zerocheck_prover)
2026-07-29T08:14:23.928721Z  INFO stark_prove_excluding_trace{phase="prover"}:prover.rap_constraints{phase="prover"}: openvm_cuda_common::memory_manager: GPU mem: used=-8.5 GiB, current=6.5 GiB, peak=8.3 GiB, in pool=26.5 GiB (prover.rap_constraints)
2026-07-29T08:14:23.944521Z  INFO stark_prove_excluding_trace{phase="prover"}:prover.openings{phase="prover"}:prover.openings.stacked_reduction{phase="prover"}:prover.openings.stacked_reduction.round0{phase="prover"}: openvm_cuda_common::memory_manager: GPU mem: used=+881.8 MiB, current=7.3 GiB, peak=7.4 GiB, in pool=26.5 GiB (prover.stacked_reduction_new:stacked_reduction_sumcheck round 0)
2026-07-29T08:14:23.958414Z  INFO stark_prove_excluding_trace{phase="prover"}:prover.openings{phase="prover"}:prover.openings.stacked_reduction{phase="prover"}: openvm_cuda_common::memory_manager: GPU mem: used=-496.9 MiB, current=6.0 GiB, peak=8.1 GiB, in pool=26.5 GiB (prover.stacked_reduction_new)
2026-07-29T08:14:23.958646Z  INFO stark_prove_excluding_trace{phase="prover"}:prover.openings{phase="prover"}:prover.openings.whir{phase="prover"}: openvm_cuda_common::memory_manager: GPU mem: used=+513.2 MiB, current=6.5 GiB, peak=8.1 GiB, in pool=26.5 GiB (prover.prove_whir_opening:before_whir_rounds)
2026-07-29T08:14:23.976789Z  INFO stark_prove_excluding_trace{phase="prover"}:prover.openings{phase="prover"}:prover.openings.whir{phase="prover"}:merkle_tree: openvm_cuda_common::memory_manager: GPU mem: used=+60.6 MiB, current=6.3 GiB, peak=8.1 GiB, in pool=26.5 GiB (prover.merkle_tree)
2026-07-29T08:14:23.979976Z  INFO stark_prove_excluding_trace{phase="prover"}:prover.openings{phase="prover"}:prover.openings.whir{phase="prover"}:rs_code_matrix: openvm_cuda_common::memory_manager: GPU mem: used=+5.4 GiB, current=11.7 GiB, peak=11.7 GiB, in pool=26.5 GiB (prover.rs_code_matrix)
2026-07-29T08:14:23.983394Z  INFO stark_prove_excluding_trace{phase="prover"}:prover.openings{phase="prover"}:prover.openings.whir{phase="prover"}:rs_code_matrix: openvm_cuda_common::memory_manager: GPU mem: used=+128.0 MiB, current=9.1 GiB, peak=9.1 GiB, in pool=26.5 GiB (prover.rs_code_matrix)
2026-07-29T08:14:24.034896Z  INFO stark_prove_excluding_trace{phase="prover"}:prover.openings{phase="prover"}:prover.openings.whir{phase="prover"}: openvm_cuda_common::memory_manager: GPU mem: used=+3.0 GiB, current=9.0 GiB, peak=9.1 GiB, in pool=26.5 GiB (prover.prove_whir_opening:after_initial_whir_round)
2026-07-29T08:14:24.038087Z  INFO stark_prove_excluding_trace{phase="prover"}:prover.rap_constraints{phase="prover"}:prove_zerocheck_and_logup_gpu:prover.rap_constraints.mle_rounds{phase="prover"}: openvm_cuda_common::memory_manager: GPU mem: used=-1.1 GiB, current=3.6 GiB, peak=9.1 GiB, in pool=26.5 GiB (prover.logup_zerocheck_prover)
2026-07-29T08:14:24.042541Z  INFO stark_prove_excluding_trace{phase="prover"}:prover.openings{phase="prover"}:prover.openings.whir{phase="prover"}:merkle_tree: openvm_cuda_common::memory_manager: GPU mem: used=+25.8 MiB, current=3.6 GiB, peak=9.1 GiB, in pool=26.5 GiB (prover.merkle_tree)
2026-07-29T08:14:24.043303Z  INFO stark_prove_excluding_trace{phase="prover"}:prover.rap_constraints{phase="prover"}: openvm_cuda_common::memory_manager: GPU mem: used=-1.4 GiB, current=3.3 GiB, peak=9.1 GiB, in pool=26.5 GiB (prover.rap_constraints)
2026-07-29T08:14:24.054271Z  INFO stark_prove_excluding_trace{phase="prover"}:prover.openings{phase="prover"}:prover.openings.whir{phase="prover"}:merkle_tree: openvm_cuda_common::memory_manager: GPU mem: used=+16.0 MiB, current=3.8 GiB, peak=3.8 GiB, in pool=26.5 GiB (prover.merkle_tree)
2026-07-29T08:14:24.062836Z  INFO stark_prove_excluding_trace{phase="prover"}:prover.openings{phase="prover"}:prover.openings.stacked_reduction{phase="prover"}:prover.openings.stacked_reduction.round0{phase="prover"}: openvm_cuda_common::memory_manager: GPU mem: used=+581.7 MiB, current=3.8 GiB, peak=3.8 GiB, in pool=26.5 GiB (prover.stacked_reduction_new:stacked_reduction_sumcheck round 0)
2026-07-29T08:14:24.071937Z  INFO stark_prove_excluding_trace{phase="prover"}:prover.openings{phase="prover"}:prover.openings.whir{phase="prover"}: openvm_cuda_common::memory_manager: GPU mem: used=-2.3 GiB, current=3.7 GiB, peak=4.6 GiB, in pool=26.5 GiB (prover.prove_whir_opening)
2026-07-29T08:14:24.071949Z  INFO stark_prove_excluding_trace{phase="prover"}:prover.openings{phase="prover"}: openvm_cuda_common::memory_manager: GPU mem: used=-2.8 GiB, current=3.7 GiB, peak=3.7 GiB, in pool=26.5 GiB (prover.openings)
2026-07-29T08:14:24.071956Z  INFO edge_worker::provers::sharded_app_prover::real_impl: Consumer: proved segment 1 (2283ms)
2026-07-29T08:14:24.072403Z  INFO edge_worker::provers::sharded_app_prover::real_impl: Consumer: proving segment 2
2026-07-29T08:14:24.072469Z  INFO edge_worker::handlers: Streaming result 1 for proof repro-01 (worker_id=0)
2026-07-29T08:14:24.078202Z  INFO stark_prove_excluding_trace{phase="prover"}:prover.openings{phase="prover"}:prover.openings.stacked_reduction{phase="prover"}: openvm_cuda_common::memory_manager: GPU mem: used=-164.0 MiB, current=3.1 GiB, peak=3.7 GiB, in pool=26.5 GiB (prover.stacked_reduction_new)
2026-07-29T08:14:24.078349Z  INFO stark_prove_excluding_trace{phase="prover"}:prover.openings{phase="prover"}:prover.openings.whir{phase="prover"}: openvm_cuda_common::memory_manager: GPU mem: used=+512.0 MiB, current=3.6 GiB, peak=3.7 GiB, in pool=26.5 GiB (prover.prove_whir_opening:before_whir_rounds)
2026-07-29T08:14:24.228318Z  INFO execute_metered: openvm_circuit::arch::execution_mode::metered::segment_ctx: overshoot: instret  118372000 | total memory (15.4 GiB) > max (15.0 GiB) | main (2.9 GiB) | interaction (12.5 GiB)
2026-07-29T08:14:24.228346Z  INFO execute_metered: openvm_circuit::arch::execution_mode::metered::segment_ctx: Segment   7 | instret  102978000 | 15393000 instructions | 14.9 GiB memory (2.8 GiB, 12.1 GiB) |  286249066 interactions |  8388608 max height (VmAirWrapper<Rv32BaseAluAdapterAir, BaseAluCoreAir<4, 8>) | 80.51% memory util
2026-07-29T08:14:24.228444Z  INFO edge_worker::provers::sharded_app_prover::real_impl: Executor (parallel): sending segment 7 for proving
2026-07-29T08:14:24.356815Z  INFO vm.transport_init_memory:set_initial_memory: openvm_cuda_common::memory_manager: GPU mem: used=+4.1 GiB, current=8.0 GiB, peak=8.0 GiB, in pool=26.5 GiB (set initial memory)
2026-07-29T08:14:24.415499Z  INFO stark_prove_excluding_trace{phase="prover"}:prover.openings{phase="prover"}:prover.openings.whir{phase="prover"}:merkle_tree: openvm_cuda_common::memory_manager: GPU mem: used=+64.0 MiB, current=8.0 GiB, peak=8.0 GiB, in pool=26.5 GiB (prover.merkle_tree)
2026-07-29T08:14:24.418305Z  INFO stark_prove_excluding_trace{phase="prover"}:prover.openings{phase="prover"}:prover.openings.whir{phase="prover"}:rs_code_matrix: openvm_cuda_common::memory_manager: GPU mem: used=+4.6 GiB, current=12.6 GiB, peak=12.6 GiB, in pool=26.5 GiB (prover.rs_code_matrix)
2026-07-29T08:14:24.418362Z  INFO stark_prove_excluding_trace{phase="prover"}:prover.openings{phase="prover"}:prover.openings.whir{phase="prover"}:rs_code_matrix: openvm_cuda_common::memory_manager: GPU mem: used=+128.0 MiB, current=10.3 GiB, peak=10.3 GiB, in pool=26.5 GiB (prover.rs_code_matrix)
2026-07-29T08:14:24.465554Z  INFO stark_prove_excluding_trace{phase="prover"}:prover.openings{phase="prover"}:prover.openings.whir{phase="prover"}: openvm_cuda_common::memory_manager: GPU mem: used=+7.1 GiB, current=10.2 GiB, peak=10.3 GiB, in pool=26.5 GiB (prover.prove_whir_opening:after_initial_whir_round)
2026-07-29T08:14:24.473246Z  INFO stark_prove_excluding_trace{phase="prover"}:prover.openings{phase="prover"}:prover.openings.whir{phase="prover"}:merkle_tree: openvm_cuda_common::memory_manager: GPU mem: used=+32.0 MiB, current=5.6 GiB, peak=10.3 GiB, in pool=26.5 GiB (prover.merkle_tree)
2026-07-29T08:14:24.476847Z  INFO stark_prove_excluding_trace{phase="prover"}:prover.openings{phase="prover"}:prover.openings.whir{phase="prover"}:merkle_tree: openvm_cuda_common::memory_manager: GPU mem: used=+16.0 MiB, current=5.3 GiB, peak=10.3 GiB, in pool=26.5 GiB (prover.merkle_tree)
2026-07-29T08:14:24.478915Z  INFO stark_prove_excluding_trace{phase="prover"}:prover.openings{phase="prover"}:prover.openings.whir{phase="prover"}: openvm_cuda_common::memory_manager: GPU mem: used=+2.0 GiB, current=5.1 GiB, peak=10.3 GiB, in pool=26.5 GiB (prover.prove_whir_opening)
2026-07-29T08:14:24.478919Z  INFO stark_prove_excluding_trace{phase="prover"}:prover.openings{phase="prover"}: openvm_cuda_common::memory_manager: GPU mem: used=+1.8 GiB, current=5.1 GiB, peak=5.1 GiB, in pool=26.5 GiB (prover.openings)
2026-07-29T08:14:24.479638Z  INFO edge_worker::provers::sharded_app_prover::real_impl: Coordinator-consumer: proved segment 0 (2842ms)
2026-07-29T08:14:24.479648Z  INFO edge_worker::provers::sharded_app_prover::real_impl: Coordinator-consumer: proving segment 3
2026-07-29T08:14:24.479747Z  INFO edge_worker::handlers: Streaming result 2 for proof repro-01 (worker_id=0)
2026-07-29T08:14:24.642513Z  INFO execute_metered: openvm_circuit::arch::execution_mode::metered::segment_ctx: overshoot: instret  133767000 | total memory (15.4 GiB) > max (15.0 GiB) | main (2.9 GiB) | interaction (12.5 GiB)
2026-07-29T08:14:24.642544Z  INFO execute_metered: openvm_circuit::arch::execution_mode::metered::segment_ctx: Segment   8 | instret  118371000 | 15395000 instructions | 14.9 GiB memory (2.8 GiB, 12.1 GiB) |  286288495 interactions |  8388608 max height (VmAirWrapper<Rv32BaseAluAdapterAir, BaseAluCoreAir<4, 8>) | 80.52% memory util
2026-07-29T08:14:24.642642Z  INFO edge_worker::provers::sharded_app_prover::real_impl: Executor (parallel): sending segment 8 for proving
2026-07-29T08:14:24.757149Z  INFO vm.transport_init_memory:set_initial_memory: openvm_cuda_common::memory_manager: GPU mem: used=+4.5 GiB, current=9.6 GiB, peak=9.6 GiB, in pool=26.5 GiB (set initial memory)
2026-07-29T08:14:24.795500Z  INFO trace_gen:system_trace_gen:generate_proving_ctxs: openvm_cuda_common::memory_manager: GPU mem: used=+2.5 MiB, current=9.6 GiB, peak=9.6 GiB, in pool=26.5 GiB (generate mem proving ctxs:merkle update)
2026-07-29T08:14:24.808006Z  INFO trace_gen:system_trace_gen:generate_proving_ctxs: openvm_cuda_common::memory_manager: GPU mem: used=+3.6 MiB, current=9.6 GiB, peak=9.6 GiB, in pool=26.5 GiB (generate mem proving ctxs:boundary tracegen)
2026-07-29T08:14:24.808018Z  INFO trace_gen:system_trace_gen:generate_proving_ctxs: openvm_cuda_common::memory_manager: GPU mem: used=+4.9 MiB, current=9.6 GiB, peak=9.6 GiB, in pool=26.5 GiB (generate mem proving ctxs:dropping merkle tree)
2026-07-29T08:14:24.808119Z  INFO trace_gen:system_trace_gen:generate_proving_ctxs: openvm_cuda_common::memory_manager: GPU mem: used=-4.5 GiB, current=5.1 GiB, peak=9.6 GiB, in pool=26.5 GiB (generate mem proving ctxs)
2026-07-29T08:14:25.247089Z  INFO trace_gen:system_trace_gen:generate_proving_ctxs: openvm_cuda_common::memory_manager: GPU mem: used=-3.0 MiB, current=7.8 GiB, peak=9.6 GiB, in pool=26.5 GiB (generate mem proving ctxs:merkle update)
2026-07-29T08:14:25.248469Z  INFO trace_gen:system_trace_gen:generate_proving_ctxs: openvm_cuda_common::memory_manager: GPU mem: used=-1.9 MiB, current=7.8 GiB, peak=9.6 GiB, in pool=26.5 GiB (generate mem proving ctxs:boundary tracegen)
2026-07-29T08:14:25.248481Z  INFO trace_gen:system_trace_gen:generate_proving_ctxs: openvm_cuda_common::memory_manager: GPU mem: used=-590.8 KiB, current=7.8 GiB, peak=9.6 GiB, in pool=26.5 GiB (generate mem proving ctxs:dropping merkle tree)
2026-07-29T08:14:25.248573Z  INFO trace_gen:system_trace_gen:generate_proving_ctxs: openvm_cuda_common::memory_manager: GPU mem: used=-4.5 GiB, current=3.3 GiB, peak=9.6 GiB, in pool=26.5 GiB (generate mem proving ctxs)
2026-07-29T08:14:25.303901Z  INFO stark_prove_excluding_trace{phase="prover"}: openvm_stark_backend::prover: num_airs_present=21
2026-07-29T08:14:25.303922Z  INFO stark_prove_excluding_trace{phase="prover"}:prover.main_trace_commit{phase="prover"}:prover.commit{phase="prover"}:stacked_commit: openvm_cuda_common::memory_manager: GPU mem: used=+0 B, current=3.6 GiB, peak=9.6 GiB, in pool=26.5 GiB (prover.stacked_commit:before stacked_commit)
2026-07-29T08:14:25.303942Z  INFO stark_prove_excluding_trace{phase="prover"}:prover.main_trace_commit{phase="prover"}:prover.commit{phase="prover"}:stacked_commit: openvm_cuda_backend::stacked_pcs: stacked_matrix_dimensions height=16777216 width=43
2026-07-29T08:14:25.304279Z  INFO stark_prove_excluding_trace{phase="prover"}:prover.main_trace_commit{phase="prover"}:prover.commit{phase="prover"}:stacked_commit:rs_code_matrix: openvm_cuda_common::memory_manager: GPU mem: used=+5.4 GiB, current=9.0 GiB, peak=9.0 GiB, in pool=26.5 GiB (prover.rs_code_matrix)
2026-07-29T08:14:25.404378Z  INFO stark_prove_excluding_trace{phase="prover"}:prover.main_trace_commit{phase="prover"}:prover.commit{phase="prover"}:stacked_commit:merkle_tree: openvm_cuda_common::memory_manager: GPU mem: used=-5.2 GiB, current=3.8 GiB, peak=9.1 GiB, in pool=26.5 GiB (prover.merkle_tree)
2026-07-29T08:14:25.404402Z  INFO stark_prove_excluding_trace{phase="prover"}:prover.main_trace_commit{phase="prover"}:prover.commit{phase="prover"}:stacked_commit: openvm_cuda_common::memory_manager: GPU mem: used=+160.7 MiB, current=3.8 GiB, peak=9.1 GiB, in pool=26.5 GiB (prover.stacked_commit)
2026-07-29T08:14:25.404415Z  INFO stark_prove_excluding_trace{phase="prover"}:prover.main_trace_commit{phase="prover"}: openvm_stark_backend::prover::metrics: total_trace_cells = 730_150_412 (excluding preprocessed)
2026-07-29T08:14:25.404417Z  INFO stark_prove_excluding_trace{phase="prover"}:prover.main_trace_commit{phase="prover"}: openvm_stark_backend::prover::metrics: preprocessed_trace_cells = 0
2026-07-29T08:14:25.404418Z  INFO stark_prove_excluding_trace{phase="prover"}:prover.main_trace_commit{phase="prover"}: openvm_stark_backend::prover::metrics: main_trace_cells = 730_150_412
2026-07-29T08:14:25.405791Z  INFO stark_prove_excluding_trace{phase="prover"}:prover.rap_constraints{phase="prover"}:prove_zerocheck_and_logup_gpu:prover.rap_constraints.logup_gkr{phase="prover"}: openvm_cuda_backend::logup_zerocheck: n_global=25 n_logup=25
2026-07-29T08:14:25.410828Z  INFO stark_prove_excluding_trace{phase="prover"}:prover.rap_constraints{phase="prover"}:prove_zerocheck_and_logup_gpu:prover.rap_constraints.logup_gkr{phase="prover"}:fractional_sumcheck_gpu: openvm_cuda_common::memory_manager: GPU mem: used=+10.8 GiB, current=14.6 GiB, peak=14.8 GiB, in pool=26.5 GiB (prover.logup_zerocheck_prover:fractional_sumcheck_gkr: after building segment tree)
2026-07-29T08:14:25.773611Z  INFO stark_prove_excluding_trace{phase="prover"}:prover.rap_constraints{phase="prover"}:prove_zerocheck_and_logup_gpu:prover.rap_constraints.logup_gkr{phase="prover"}:fractional_sumcheck_gpu: openvm_cuda_common::memory_manager: GPU mem: used=+13.4 GiB, current=17.2 GiB, peak=17.2 GiB, in pool=26.5 GiB (prover.logup_zerocheck_prover:after_fractional_sumcheck_gkr)
2026-07-29T08:14:25.846145Z  INFO stark_prove_excluding_trace{phase="prover"}: openvm_stark_backend::prover: num_airs_present=21
2026-07-29T08:14:25.846162Z  INFO stark_prove_excluding_trace{phase="prover"}:prover.main_trace_commit{phase="prover"}:prover.commit{phase="prover"}:stacked_commit: openvm_cuda_common::memory_manager: GPU mem: used=+0 B, current=6.2 GiB, peak=6.5 GiB, in pool=26.5 GiB (prover.stacked_commit:before stacked_commit)
2026-07-29T08:14:25.846179Z  INFO stark_prove_excluding_trace{phase="prover"}:prover.main_trace_commit{phase="prover"}:prover.commit{phase="prover"}:stacked_commit: openvm_cuda_backend::stacked_pcs: stacked_matrix_dimensions height=16777216 width=43
2026-07-29T08:14:25.846488Z  INFO stark_prove_excluding_trace{phase="prover"}:prover.main_trace_commit{phase="prover"}:prover.commit{phase="prover"}:stacked_commit:rs_code_matrix: openvm_cuda_common::memory_manager: GPU mem: used=+5.4 GiB, current=11.6 GiB, peak=11.6 GiB, in pool=26.5 GiB (prover.rs_code_matrix)
2026-07-29T08:14:25.957557Z  INFO stark_prove_excluding_trace{phase="prover"}:prover.main_trace_commit{phase="prover"}:prover.commit{phase="prover"}:stacked_commit:merkle_tree: openvm_cuda_common::memory_manager: GPU mem: used=-5.2 GiB, current=6.4 GiB, peak=11.7 GiB, in pool=26.5 GiB (prover.merkle_tree)
2026-07-29T08:14:25.957586Z  INFO stark_prove_excluding_trace{phase="prover"}:prover.main_trace_commit{phase="prover"}:prover.commit{phase="prover"}:stacked_commit: openvm_cuda_common::memory_manager: GPU mem: used=+134.0 MiB, current=6.4 GiB, peak=11.7 GiB, in pool=26.5 GiB (prover.stacked_commit)
2026-07-29T08:14:25.957599Z  INFO stark_prove_excluding_trace{phase="prover"}:prover.main_trace_commit{phase="prover"}: openvm_stark_backend::prover::metrics: total_trace_cells = 730_150_412 (excluding preprocessed)
2026-07-29T08:14:25.957601Z  INFO stark_prove_excluding_trace{phase="prover"}:prover.main_trace_commit{phase="prover"}: openvm_stark_backend::prover::metrics: preprocessed_trace_cells = 0
2026-07-29T08:14:25.957628Z  INFO stark_prove_excluding_trace{phase="prover"}:prover.main_trace_commit{phase="prover"}: openvm_stark_backend::prover::metrics: main_trace_cells = 730_150_412
2026-07-29T08:14:25.982655Z  INFO stark_prove_excluding_trace{phase="prover"}:prover.rap_constraints{phase="prover"}:prove_zerocheck_and_logup_gpu:prover.rap_constraints.logup_gkr{phase="prover"}: openvm_cuda_backend::logup_zerocheck: n_global=25 n_logup=25
2026-07-29T08:14:25.998016Z  INFO stark_prove_excluding_trace{phase="prover"}:prover.rap_constraints{phase="prover"}:prove_zerocheck_and_logup_gpu:prover.rap_constraints.logup_gkr{phase="prover"}:fractional_sumcheck_gpu: openvm_cuda_common::memory_manager: GPU mem: used=+10.8 GiB, current=17.2 GiB, peak=18.3 GiB, in pool=26.5 GiB (prover.logup_zerocheck_prover:fractional_sumcheck_gkr: after building segment tree)
2026-07-29T08:14:26.176070Z  INFO stark_prove_excluding_trace{phase="prover"}:prover.rap_constraints{phase="prover"}:prove_zerocheck_and_logup_gpu:prover.rap_constraints.mle_rounds{phase="prover"}: openvm_cuda_common::memory_manager: GPU mem: used=+14.4 GiB, current=18.2 GiB, peak=20.5 GiB, in pool=26.5 GiB (prover.logup_zerocheck_prover)
2026-07-29T08:14:26.176592Z  INFO stark_prove_excluding_trace{phase="prover"}:prover.rap_constraints{phase="prover"}: openvm_cuda_common::memory_manager: GPU mem: used=+14.4 GiB, current=18.2 GiB, peak=20.5 GiB, in pool=26.5 GiB (prover.rap_constraints)
2026-07-29T08:14:26.209097Z  INFO stark_prove_excluding_trace{phase="prover"}:prover.openings{phase="prover"}:prover.openings.stacked_reduction{phase="prover"}:prover.openings.stacked_reduction.round0{phase="prover"}: openvm_cuda_common::memory_manager: GPU mem: used=+881.1 MiB, current=19.0 GiB, peak=19.0 GiB, in pool=26.5 GiB (prover.stacked_reduction_new:stacked_reduction_sumcheck round 0)
2026-07-29T08:14:26.254571Z  INFO stark_prove_excluding_trace{phase="prover"}:prover.rap_constraints{phase="prover"}:prove_zerocheck_and_logup_gpu:prover.rap_constraints.logup_gkr{phase="prover"}:fractional_sumcheck_gpu: openvm_cuda_common::memory_manager: GPU mem: used=+12.7 GiB, current=19.1 GiB, peak=20.1 GiB, in pool=26.5 GiB (prover.logup_zerocheck_prover:after_fractional_sumcheck_gkr)
2026-07-29T08:14:26.299455Z  INFO stark_prove_excluding_trace{phase="prover"}:prover.openings{phase="prover"}:prover.openings.stacked_reduction{phase="prover"}: openvm_cuda_common::memory_manager: GPU mem: used=-11.8 GiB, current=6.4 GiB, peak=7.3 GiB, in pool=26.5 GiB (prover.stacked_reduction_new)
2026-07-29T08:14:26.310927Z  INFO stark_prove_excluding_trace{phase="prover"}:prover.openings{phase="prover"}:prover.openings.whir{phase="prover"}: openvm_cuda_common::memory_manager: GPU mem: used=+512.0 MiB, current=6.9 GiB, peak=7.3 GiB, in pool=26.5 GiB (prover.prove_whir_opening:before_whir_rounds)
2026-07-29T08:14:26.353502Z  INFO stark_prove_excluding_trace{phase="prover"}:prover.openings{phase="prover"}:prover.openings.whir{phase="prover"}:merkle_tree: openvm_cuda_common::memory_manager: GPU mem: used=+64.0 MiB, current=6.7 GiB, peak=8.3 GiB, in pool=26.5 GiB (prover.merkle_tree)
2026-07-29T08:14:26.356306Z  INFO stark_prove_excluding_trace{phase="prover"}:prover.openings{phase="prover"}:prover.openings.whir{phase="prover"}:rs_code_matrix: openvm_cuda_common::memory_manager: GPU mem: used=+5.4 GiB, current=12.1 GiB, peak=12.2 GiB, in pool=26.5 GiB (prover.rs_code_matrix)
2026-07-29T08:14:26.361008Z  INFO stark_prove_excluding_trace{phase="prover"}:prover.openings{phase="prover"}:prover.openings.whir{phase="prover"}:rs_code_matrix: openvm_cuda_common::memory_manager: GPU mem: used=+128.0 MiB, current=9.5 GiB, peak=9.5 GiB, in pool=26.5 GiB (prover.rs_code_matrix)
2026-07-29T08:14:26.414721Z  INFO stark_prove_excluding_trace{phase="prover"}:prover.openings{phase="prover"}:prover.openings.whir{phase="prover"}: openvm_cuda_common::memory_manager: GPU mem: used=+3.0 GiB, current=9.4 GiB, peak=9.5 GiB, in pool=26.5 GiB (prover.prove_whir_opening:after_initial_whir_round)
2026-07-29T08:14:26.422761Z  INFO stark_prove_excluding_trace{phase="prover"}:prover.openings{phase="prover"}:prover.openings.whir{phase="prover"}:merkle_tree: openvm_cuda_common::memory_manager: GPU mem: used=+32.0 MiB, current=4.0 GiB, peak=9.5 GiB, in pool=26.5 GiB (prover.merkle_tree)
2026-07-29T08:14:26.435882Z  INFO stark_prove_excluding_trace{phase="prover"}:prover.openings{phase="prover"}:prover.openings.whir{phase="prover"}:merkle_tree: openvm_cuda_common::memory_manager: GPU mem: used=+326.6 MiB, current=6.0 GiB, peak=9.5 GiB, in pool=26.5 GiB (prover.merkle_tree)
2026-07-29T08:14:26.447912Z  INFO stark_prove_excluding_trace{phase="prover"}:prover.openings{phase="prover"}:prover.openings.whir{phase="prover"}: openvm_cuda_common::memory_manager: GPU mem: used=-1.9 GiB, current=4.5 GiB, peak=9.5 GiB, in pool=26.5 GiB (prover.prove_whir_opening)
2026-07-29T08:14:26.447929Z  INFO stark_prove_excluding_trace{phase="prover"}:prover.openings{phase="prover"}: openvm_cuda_common::memory_manager: GPU mem: used=-14.1 GiB, current=4.1 GiB, peak=4.1 GiB, in pool=26.5 GiB (prover.openings)
2026-07-29T08:14:26.447943Z  INFO edge_worker::provers::sharded_app_prover::real_impl: Consumer: proved segment 2 (2375ms)
2026-07-29T08:14:26.448425Z  INFO edge_worker::provers::sharded_app_prover::real_impl: Consumer: proving segment 4
2026-07-29T08:14:26.448486Z  INFO edge_worker::handlers: Streaming result 3 for proof repro-01 (worker_id=0)
2026-07-29T08:14:26.537778Z  INFO stark_prove_excluding_trace{phase="prover"}:prover.rap_constraints{phase="prover"}:prove_zerocheck_and_logup_gpu:prover.rap_constraints.mle_rounds{phase="prover"}: openvm_cuda_common::memory_manager: GPU mem: used=-2.4 GiB, current=4.0 GiB, peak=4.1 GiB, in pool=26.5 GiB (prover.logup_zerocheck_prover)
2026-07-29T08:14:26.538327Z  INFO stark_prove_excluding_trace{phase="prover"}:prover.rap_constraints{phase="prover"}: openvm_cuda_common::memory_manager: GPU mem: used=-2.4 GiB, current=4.0 GiB, peak=4.1 GiB, in pool=26.5 GiB (prover.rap_constraints)
2026-07-29T08:14:26.608087Z  INFO execute_metered: openvm_circuit::arch::execution_mode::metered::segment_ctx: overshoot: instret  149160000 | total memory (15.4 GiB) > max (15.0 GiB) | main (2.9 GiB) | interaction (12.5 GiB)
2026-07-29T08:14:26.608108Z  INFO execute_metered: openvm_circuit::arch::execution_mode::metered::segment_ctx: Segment   9 | instret  133766000 | 15393000 instructions | 14.9 GiB memory (2.8 GiB, 12.1 GiB) |  286249326 interactions |  8388608 max height (VmAirWrapper<Rv32BaseAluAdapterAir, BaseAluCoreAir<4, 8>) | 80.51% memory util
2026-07-29T08:14:26.608201Z  INFO edge_worker::provers::sharded_app_prover::real_impl: Executor (parallel): sending segment 9 for proving
2026-07-29T08:14:26.715294Z  INFO vm.transport_init_memory:set_initial_memory: openvm_cuda_common::memory_manager: GPU mem: used=+5.4 GiB, current=8.8 GiB, peak=8.8 GiB, in pool=26.5 GiB (set initial memory)
2026-07-29T08:14:26.785056Z  INFO stark_prove_excluding_trace{phase="prover"}:prover.openings{phase="prover"}:prover.openings.stacked_reduction{phase="prover"}:prover.openings.stacked_reduction.round0{phase="prover"}: openvm_cuda_common::memory_manager: GPU mem: used=+4.9 GiB, current=8.8 GiB, peak=8.8 GiB, in pool=26.5 GiB (prover.stacked_reduction_new:stacked_reduction_sumcheck round 0)
2026-07-29T08:14:26.795149Z  INFO stark_prove_excluding_trace{phase="prover"}:prover.openings{phase="prover"}:prover.openings.stacked_reduction{phase="prover"}: openvm_cuda_common::memory_manager: GPU mem: used=+4.0 GiB, current=8.0 GiB, peak=9.9 GiB, in pool=26.5 GiB (prover.stacked_reduction_new)
2026-07-29T08:14:26.795292Z  INFO stark_prove_excluding_trace{phase="prover"}:prover.openings{phase="prover"}:prover.openings.whir{phase="prover"}: openvm_cuda_common::memory_manager: GPU mem: used=+512.0 MiB, current=8.5 GiB, peak=9.9 GiB, in pool=26.5 GiB (prover.prove_whir_opening:before_whir_rounds)
2026-07-29T08:14:26.813092Z  INFO stark_prove_excluding_trace{phase="prover"}:prover.openings{phase="prover"}:prover.openings.whir{phase="prover"}:merkle_tree: openvm_cuda_common::memory_manager: GPU mem: used=+64.0 MiB, current=8.3 GiB, peak=9.9 GiB, in pool=26.5 GiB (prover.merkle_tree)
2026-07-29T08:14:26.815418Z  INFO stark_prove_excluding_trace{phase="prover"}:prover.openings{phase="prover"}:prover.openings.whir{phase="prover"}:rs_code_matrix: openvm_cuda_common::memory_manager: GPU mem: used=+5.4 GiB, current=13.7 GiB, peak=13.7 GiB, in pool=26.5 GiB (prover.rs_code_matrix)
2026-07-29T08:14:26.815485Z  INFO stark_prove_excluding_trace{phase="prover"}:prover.openings{phase="prover"}:prover.openings.whir{phase="prover"}:rs_code_matrix: openvm_cuda_common::memory_manager: GPU mem: used=+128.0 MiB, current=11.1 GiB, peak=11.1 GiB, in pool=26.5 GiB (prover.rs_code_matrix)
2026-07-29T08:14:26.870623Z  INFO stark_prove_excluding_trace{phase="prover"}:prover.openings{phase="prover"}:prover.openings.whir{phase="prover"}: openvm_cuda_common::memory_manager: GPU mem: used=+3.0 GiB, current=11.0 GiB, peak=11.1 GiB, in pool=26.5 GiB (prover.prove_whir_opening:after_initial_whir_round)
2026-07-29T08:14:26.878164Z  INFO stark_prove_excluding_trace{phase="prover"}:prover.openings{phase="prover"}:prover.openings.whir{phase="prover"}:merkle_tree: openvm_cuda_common::memory_manager: GPU mem: used=+32.0 MiB, current=5.6 GiB, peak=11.1 GiB, in pool=26.5 GiB (prover.merkle_tree)
2026-07-29T08:14:26.882465Z  INFO stark_prove_excluding_trace{phase="prover"}:prover.openings{phase="prover"}:prover.openings.whir{phase="prover"}:merkle_tree: openvm_cuda_common::memory_manager: GPU mem: used=+16.0 MiB, current=5.3 GiB, peak=11.1 GiB, in pool=26.5 GiB (prover.merkle_tree)
2026-07-29T08:14:26.885777Z  INFO stark_prove_excluding_trace{phase="prover"}:prover.openings{phase="prover"}:prover.openings.whir{phase="prover"}: openvm_cuda_common::memory_manager: GPU mem: used=-2.9 GiB, current=5.1 GiB, peak=11.1 GiB, in pool=26.5 GiB (prover.prove_whir_opening)
2026-07-29T08:14:26.885783Z  INFO stark_prove_excluding_trace{phase="prover"}:prover.openings{phase="prover"}: openvm_cuda_common::memory_manager: GPU mem: used=+1.1 GiB, current=5.1 GiB, peak=5.1 GiB, in pool=26.5 GiB (prover.openings)
2026-07-29T08:14:26.886216Z  INFO edge_worker::provers::sharded_app_prover::real_impl: Coordinator-consumer: proved segment 3 (2406ms)
2026-07-29T08:14:26.886226Z  INFO edge_worker::provers::sharded_app_prover::real_impl: Coordinator-consumer: proving segment 5
2026-07-29T08:14:26.886305Z  INFO edge_worker::handlers: Streaming result 4 for proof repro-01 (worker_id=0)
2026-07-29T08:14:27.056753Z  INFO execute_metered: openvm_circuit::arch::execution_mode::metered::segment_ctx: overshoot: instret  164553000 | total memory (15.4 GiB) > max (15.0 GiB) | main (2.9 GiB) | interaction (12.5 GiB)
2026-07-29T08:14:27.056782Z  INFO execute_metered: openvm_circuit::arch::execution_mode::metered::segment_ctx: Segment  10 | instret  149159000 | 15393000 instructions | 14.9 GiB memory (2.8 GiB, 12.1 GiB) |  286250607 interactions |  8388608 max height (VmAirWrapper<Rv32BaseAluAdapterAir, BaseAluCoreAir<4, 8>) | 80.51% memory util
2026-07-29T08:14:27.056872Z  INFO edge_worker::provers::sharded_app_prover::real_impl: Executor (parallel): sending segment 10 for proving
2026-07-29T08:14:27.172497Z  INFO vm.transport_init_memory:set_initial_memory: openvm_cuda_common::memory_manager: GPU mem: used=+4.5 GiB, current=9.6 GiB, peak=9.6 GiB, in pool=26.5 GiB (set initial memory)
2026-07-29T08:14:27.210048Z  INFO trace_gen:system_trace_gen:generate_proving_ctxs: openvm_cuda_common::memory_manager: GPU mem: used=+2.5 MiB, current=9.6 GiB, peak=9.6 GiB, in pool=26.5 GiB (generate mem proving ctxs:merkle update)
2026-07-29T08:14:27.221978Z  INFO trace_gen:system_trace_gen:generate_proving_ctxs: openvm_cuda_common::memory_manager: GPU mem: used=+3.6 MiB, current=9.6 GiB, peak=9.6 GiB, in pool=26.5 GiB (generate mem proving ctxs:boundary tracegen)
2026-07-29T08:14:27.222015Z  INFO trace_gen:system_trace_gen:generate_proving_ctxs: openvm_cuda_common::memory_manager: GPU mem: used=+4.9 MiB, current=9.6 GiB, peak=9.6 GiB, in pool=26.5 GiB (generate mem proving ctxs:dropping merkle tree)
2026-07-29T08:14:27.222105Z  INFO trace_gen:system_trace_gen:generate_proving_ctxs: openvm_cuda_common::memory_manager: GPU mem: used=-4.5 GiB, current=5.1 GiB, peak=9.6 GiB, in pool=26.5 GiB (generate mem proving ctxs)
2026-07-29T08:14:27.649642Z  INFO trace_gen:system_trace_gen:generate_proving_ctxs: openvm_cuda_common::memory_manager: GPU mem: used=+2.4 MiB, current=7.8 GiB, peak=9.6 GiB, in pool=26.5 GiB (generate mem proving ctxs:merkle update)
2026-07-29T08:14:27.651141Z  INFO trace_gen:system_trace_gen:generate_proving_ctxs: openvm_cuda_common::memory_manager: GPU mem: used=+3.6 MiB, current=7.8 GiB, peak=9.6 GiB, in pool=26.5 GiB (generate mem proving ctxs:boundary tracegen)
2026-07-29T08:14:27.651153Z  INFO trace_gen:system_trace_gen:generate_proving_ctxs: openvm_cuda_common::memory_manager: GPU mem: used=+4.9 MiB, current=7.8 GiB, peak=9.6 GiB, in pool=26.5 GiB (generate mem proving ctxs:dropping merkle tree)
2026-07-29T08:14:27.651275Z  INFO trace_gen:system_trace_gen:generate_proving_ctxs: openvm_cuda_common::memory_manager: GPU mem: used=-4.5 GiB, current=3.3 GiB, peak=9.6 GiB, in pool=26.5 GiB (generate mem proving ctxs)
2026-07-29T08:14:27.700728Z  INFO stark_prove_excluding_trace{phase="prover"}: openvm_stark_backend::prover: num_airs_present=21
2026-07-29T08:14:27.700753Z  INFO stark_prove_excluding_trace{phase="prover"}:prover.main_trace_commit{phase="prover"}:prover.commit{phase="prover"}:stacked_commit: openvm_cuda_common::memory_manager: GPU mem: used=+0 B, current=3.6 GiB, peak=9.6 GiB, in pool=26.5 GiB (prover.stacked_commit:before stacked_commit)
2026-07-29T08:14:27.700777Z  INFO stark_prove_excluding_trace{phase="prover"}:prover.main_trace_commit{phase="prover"}:prover.commit{phase="prover"}:stacked_commit: openvm_cuda_backend::stacked_pcs: stacked_matrix_dimensions height=16777216 width=43
2026-07-29T08:14:27.701057Z  INFO stark_prove_excluding_trace{phase="prover"}:prover.main_trace_commit{phase="prover"}:prover.commit{phase="prover"}:stacked_commit:rs_code_matrix: openvm_cuda_common::memory_manager: GPU mem: used=+5.4 GiB, current=9.0 GiB, peak=9.0 GiB, in pool=26.5 GiB (prover.rs_code_matrix)
2026-07-29T08:14:27.801140Z  INFO stark_prove_excluding_trace{phase="prover"}:prover.main_trace_commit{phase="prover"}:prover.commit{phase="prover"}:stacked_commit:merkle_tree: openvm_cuda_common::memory_manager: GPU mem: used=-5.2 GiB, current=3.8 GiB, peak=9.1 GiB, in pool=26.5 GiB (prover.merkle_tree)
2026-07-29T08:14:27.801165Z  INFO stark_prove_excluding_trace{phase="prover"}:prover.main_trace_commit{phase="prover"}:prover.commit{phase="prover"}:stacked_commit: openvm_cuda_common::memory_manager: GPU mem: used=+160.7 MiB, current=3.8 GiB, peak=9.1 GiB, in pool=26.5 GiB (prover.stacked_commit)
2026-07-29T08:14:27.801181Z  INFO stark_prove_excluding_trace{phase="prover"}:prover.main_trace_commit{phase="prover"}: openvm_stark_backend::prover::metrics: total_trace_cells = 730_150_412 (excluding preprocessed)
2026-07-29T08:14:27.801195Z  INFO stark_prove_excluding_trace{phase="prover"}:prover.main_trace_commit{phase="prover"}: openvm_stark_backend::prover::metrics: preprocessed_trace_cells = 0
2026-07-29T08:14:27.801197Z  INFO stark_prove_excluding_trace{phase="prover"}:prover.main_trace_commit{phase="prover"}: openvm_stark_backend::prover::metrics: main_trace_cells = 730_150_412
2026-07-29T08:14:27.801940Z  INFO stark_prove_excluding_trace{phase="prover"}:prover.rap_constraints{phase="prover"}:prove_zerocheck_and_logup_gpu:prover.rap_constraints.logup_gkr{phase="prover"}: openvm_cuda_backend::logup_zerocheck: n_global=25 n_logup=25
2026-07-29T08:14:27.813095Z  INFO stark_prove_excluding_trace{phase="prover"}:prover.rap_constraints{phase="prover"}:prove_zerocheck_and_logup_gpu:prover.rap_constraints.logup_gkr{phase="prover"}:fractional_sumcheck_gpu: openvm_cuda_common::memory_manager: GPU mem: used=+10.9 GiB, current=14.6 GiB, peak=14.8 GiB, in pool=26.5 GiB (prover.logup_zerocheck_prover:fractional_sumcheck_gkr: after building segment tree)
2026-07-29T08:14:28.177448Z  INFO stark_prove_excluding_trace{phase="prover"}:prover.rap_constraints{phase="prover"}:prove_zerocheck_and_logup_gpu:prover.rap_constraints.logup_gkr{phase="prover"}:fractional_sumcheck_gpu: openvm_cuda_common::memory_manager: GPU mem: used=+13.4 GiB, current=17.2 GiB, peak=17.2 GiB, in pool=26.5 GiB (prover.logup_zerocheck_prover:after_fractional_sumcheck_gkr)
2026-07-29T08:14:28.255215Z  INFO stark_prove_excluding_trace{phase="prover"}: openvm_stark_backend::prover: num_airs_present=21
2026-07-29T08:14:28.255234Z  INFO stark_prove_excluding_trace{phase="prover"}:prover.main_trace_commit{phase="prover"}:prover.commit{phase="prover"}:stacked_commit: openvm_cuda_common::memory_manager: GPU mem: used=+0 B, current=6.3 GiB, peak=6.5 GiB, in pool=26.5 GiB (prover.stacked_commit:before stacked_commit)
2026-07-29T08:14:28.255262Z  INFO stark_prove_excluding_trace{phase="prover"}:prover.main_trace_commit{phase="prover"}:prover.commit{phase="prover"}:stacked_commit: openvm_cuda_backend::stacked_pcs: stacked_matrix_dimensions height=16777216 width=43
2026-07-29T08:14:28.255573Z  INFO stark_prove_excluding_trace{phase="prover"}:prover.main_trace_commit{phase="prover"}:prover.commit{phase="prover"}:stacked_commit:rs_code_matrix: openvm_cuda_common::memory_manager: GPU mem: used=+5.4 GiB, current=11.6 GiB, peak=11.6 GiB, in pool=26.5 GiB (prover.rs_code_matrix)
2026-07-29T08:14:28.387164Z  INFO stark_prove_excluding_trace{phase="prover"}:prover.main_trace_commit{phase="prover"}:prover.commit{phase="prover"}:stacked_commit:merkle_tree: openvm_cuda_common::memory_manager: GPU mem: used=-5.3 GiB, current=6.4 GiB, peak=11.7 GiB, in pool=26.5 GiB (prover.merkle_tree)
2026-07-29T08:14:28.387206Z  INFO stark_prove_excluding_trace{phase="prover"}:prover.main_trace_commit{phase="prover"}:prover.commit{phase="prover"}:stacked_commit: openvm_cuda_common::memory_manager: GPU mem: used=+128.0 MiB, current=6.4 GiB, peak=11.7 GiB, in pool=26.5 GiB (prover.stacked_commit)
2026-07-29T08:14:28.387225Z  INFO stark_prove_excluding_trace{phase="prover"}:prover.main_trace_commit{phase="prover"}: openvm_stark_backend::prover::metrics: total_trace_cells = 730_150_412 (excluding preprocessed)
2026-07-29T08:14:28.387230Z  INFO stark_prove_excluding_trace{phase="prover"}:prover.main_trace_commit{phase="prover"}: openvm_stark_backend::prover::metrics: preprocessed_trace_cells = 0
2026-07-29T08:14:28.387240Z  INFO stark_prove_excluding_trace{phase="prover"}:prover.main_trace_commit{phase="prover"}: openvm_stark_backend::prover::metrics: main_trace_cells = 730_150_412
2026-07-29T08:14:28.387463Z  INFO stark_prove_excluding_trace{phase="prover"}:prover.rap_constraints{phase="prover"}:prove_zerocheck_and_logup_gpu:prover.rap_constraints.logup_gkr{phase="prover"}: openvm_cuda_backend::logup_zerocheck: n_global=25 n_logup=25
2026-07-29T08:14:28.450948Z  INFO stark_prove_excluding_trace{phase="prover"}:prover.rap_constraints{phase="prover"}:prove_zerocheck_and_logup_gpu:prover.rap_constraints.logup_gkr{phase="prover"}:fractional_sumcheck_gpu: openvm_cuda_common::memory_manager: GPU mem: used=+10.8 GiB, current=17.2 GiB, peak=17.4 GiB, in pool=26.5 GiB (prover.logup_zerocheck_prover:fractional_sumcheck_gkr: after building segment tree)
2026-07-29T08:14:28.580330Z  INFO stark_prove_excluding_trace{phase="prover"}:prover.rap_constraints{phase="prover"}:prove_zerocheck_and_logup_gpu:prover.rap_constraints.mle_rounds{phase="prover"}: openvm_cuda_common::memory_manager: GPU mem: used=+14.4 GiB, current=18.2 GiB, peak=20.5 GiB, in pool=26.5 GiB (prover.logup_zerocheck_prover)
2026-07-29T08:14:28.580847Z  INFO stark_prove_excluding_trace{phase="prover"}:prover.rap_constraints{phase="prover"}: openvm_cuda_common::memory_manager: GPU mem: used=+14.4 GiB, current=18.2 GiB, peak=20.5 GiB, in pool=26.5 GiB (prover.rap_constraints)
2026-07-29T08:14:28.619558Z  INFO stark_prove_excluding_trace{phase="prover"}:prover.openings{phase="prover"}:prover.openings.stacked_reduction{phase="prover"}:prover.openings.stacked_reduction.round0{phase="prover"}: openvm_cuda_common::memory_manager: GPU mem: used=+881.1 MiB, current=19.0 GiB, peak=19.0 GiB, in pool=26.5 GiB (prover.stacked_reduction_new:stacked_reduction_sumcheck round 0)
2026-07-29T08:14:28.672399Z  INFO stark_prove_excluding_trace{phase="prover"}:prover.rap_constraints{phase="prover"}:prove_zerocheck_and_logup_gpu:prover.rap_constraints.logup_gkr{phase="prover"}:fractional_sumcheck_gpu: openvm_cuda_common::memory_manager: GPU mem: used=+12.7 GiB, current=19.0 GiB, peak=20.1 GiB, in pool=26.5 GiB (prover.logup_zerocheck_prover:after_fractional_sumcheck_gkr)
2026-07-29T08:14:28.676401Z  INFO stark_prove_excluding_trace{phase="prover"}:prover.openings{phase="prover"}:prover.openings.stacked_reduction{phase="prover"}: openvm_cuda_common::memory_manager: GPU mem: used=-11.8 GiB, current=6.4 GiB, peak=7.2 GiB, in pool=26.5 GiB (prover.stacked_reduction_new)
2026-07-29T08:14:28.678389Z  INFO stark_prove_excluding_trace{phase="prover"}:prover.openings{phase="prover"}:prover.openings.whir{phase="prover"}: openvm_cuda_common::memory_manager: GPU mem: used=+516.5 MiB, current=6.9 GiB, peak=7.2 GiB, in pool=26.5 GiB (prover.prove_whir_opening:before_whir_rounds)
2026-07-29T08:14:28.764983Z  INFO stark_prove_excluding_trace{phase="prover"}:prover.openings{phase="prover"}:prover.openings.whir{phase="prover"}:merkle_tree: openvm_cuda_common::memory_manager: GPU mem: used=+66.0 MiB, current=6.7 GiB, peak=7.9 GiB, in pool=26.5 GiB (prover.merkle_tree)
2026-07-29T08:14:28.768454Z  INFO stark_prove_excluding_trace{phase="prover"}:prover.openings{phase="prover"}:prover.openings.whir{phase="prover"}:rs_code_matrix: openvm_cuda_common::memory_manager: GPU mem: used=+5.4 GiB, current=12.1 GiB, peak=12.1 GiB, in pool=26.5 GiB (prover.rs_code_matrix)
2026-07-29T08:14:28.773401Z  INFO stark_prove_excluding_trace{phase="prover"}:prover.openings{phase="prover"}:prover.openings.whir{phase="prover"}:rs_code_matrix: openvm_cuda_common::memory_manager: GPU mem: used=+128.0 MiB, current=9.5 GiB, peak=9.5 GiB, in pool=26.5 GiB (prover.rs_code_matrix)
2026-07-29T08:14:28.826654Z  INFO stark_prove_excluding_trace{phase="prover"}:prover.openings{phase="prover"}:prover.openings.whir{phase="prover"}: openvm_cuda_common::memory_manager: GPU mem: used=+3.0 GiB, current=9.4 GiB, peak=9.5 GiB, in pool=26.5 GiB (prover.prove_whir_opening:after_initial_whir_round)
2026-07-29T08:14:28.837437Z  INFO stark_prove_excluding_trace{phase="prover"}:prover.openings{phase="prover"}:prover.openings.whir{phase="prover"}:merkle_tree: openvm_cuda_common::memory_manager: GPU mem: used=+32.0 MiB, current=4.0 GiB, peak=9.5 GiB, in pool=26.5 GiB (prover.merkle_tree)
2026-07-29T08:14:28.841363Z  INFO stark_prove_excluding_trace{phase="prover"}:prover.openings{phase="prover"}:prover.openings.whir{phase="prover"}:merkle_tree: openvm_cuda_common::memory_manager: GPU mem: used=+16.0 MiB, current=3.8 GiB, peak=9.5 GiB, in pool=26.5 GiB (prover.merkle_tree)
2026-07-29T08:14:28.848369Z  INFO stark_prove_excluding_trace{phase="prover"}:prover.openings{phase="prover"}:prover.openings.whir{phase="prover"}: openvm_cuda_common::memory_manager: GPU mem: used=-898.9 MiB, current=5.5 GiB, peak=9.5 GiB, in pool=26.5 GiB (prover.prove_whir_opening)
2026-07-29T08:14:28.848380Z  INFO stark_prove_excluding_trace{phase="prover"}:prover.openings{phase="prover"}: openvm_cuda_common::memory_manager: GPU mem: used=-12.7 GiB, current=5.5 GiB, peak=5.5 GiB, in pool=26.5 GiB (prover.openings)
2026-07-29T08:14:28.848386Z  INFO edge_worker::provers::sharded_app_prover::real_impl: Consumer: proved segment 4 (2399ms)
2026-07-29T08:14:28.848820Z  INFO edge_worker::provers::sharded_app_prover::real_impl: Consumer: proving segment 6
2026-07-29T08:14:28.848861Z  INFO edge_worker::handlers: Streaming result 5 for proof repro-01 (worker_id=0)
2026-07-29T08:14:29.003658Z  INFO execute_metered: openvm_circuit::arch::execution_mode::metered::segment_ctx: overshoot: instret  179949000 | total memory (15.4 GiB) > max (15.0 GiB) | main (2.9 GiB) | interaction (12.5 GiB)
2026-07-29T08:14:29.003686Z  INFO execute_metered: openvm_circuit::arch::execution_mode::metered::segment_ctx: Segment  11 | instret  164552000 | 15396000 instructions | 14.9 GiB memory (2.8 GiB, 12.1 GiB) |  286303530 interactions |  8388608 max height (VmAirWrapper<Rv32BaseAluAdapterAir, BaseAluCoreAir<4, 8>) | 80.52% memory util
2026-07-29T08:14:29.003766Z  INFO edge_worker::provers::sharded_app_prover::real_impl: Executor (parallel): sending segment 11 for proving
2026-07-29T08:14:29.134844Z  INFO vm.transport_init_memory:set_initial_memory: openvm_cuda_common::memory_manager: GPU mem: used=+3.0 GiB, current=8.4 GiB, peak=9.2 GiB, in pool=26.5 GiB (set initial memory)
2026-07-29T08:14:29.201866Z  INFO stark_prove_excluding_trace{phase="prover"}:prover.rap_constraints{phase="prover"}:prove_zerocheck_and_logup_gpu:prover.rap_constraints.mle_rounds{phase="prover"}: openvm_cuda_common::memory_manager: GPU mem: used=+1.6 GiB, current=8.0 GiB, peak=9.2 GiB, in pool=26.5 GiB (prover.logup_zerocheck_prover)
2026-07-29T08:14:29.202417Z  INFO stark_prove_excluding_trace{phase="prover"}:prover.rap_constraints{phase="prover"}: openvm_cuda_common::memory_manager: GPU mem: used=+1.6 GiB, current=8.0 GiB, peak=9.2 GiB, in pool=26.5 GiB (prover.rap_constraints)
2026-07-29T08:14:29.216782Z  INFO stark_prove_excluding_trace{phase="prover"}:prover.openings{phase="prover"}:prover.openings.stacked_reduction{phase="prover"}:prover.openings.stacked_reduction.round0{phase="prover"}: openvm_cuda_common::memory_manager: GPU mem: used=+880.1 MiB, current=8.8 GiB, peak=8.8 GiB, in pool=26.5 GiB (prover.stacked_reduction_new:stacked_reduction_sumcheck round 0)
2026-07-29T08:14:29.226777Z  INFO stark_prove_excluding_trace{phase="prover"}:prover.openings{phase="prover"}:prover.openings.stacked_reduction{phase="prover"}: openvm_cuda_common::memory_manager: GPU mem: used=+0 B, current=8.0 GiB, peak=9.9 GiB, in pool=26.5 GiB (prover.stacked_reduction_new)
2026-07-29T08:14:29.226930Z  INFO stark_prove_excluding_trace{phase="prover"}:prover.openings{phase="prover"}:prover.openings.whir{phase="prover"}: openvm_cuda_common::memory_manager: GPU mem: used=+512.0 MiB, current=8.5 GiB, peak=9.9 GiB, in pool=26.5 GiB (prover.prove_whir_opening:before_whir_rounds)
2026-07-29T08:14:29.244761Z  INFO stark_prove_excluding_trace{phase="prover"}:prover.openings{phase="prover"}:prover.openings.whir{phase="prover"}:merkle_tree: openvm_cuda_common::memory_manager: GPU mem: used=+64.0 MiB, current=8.3 GiB, peak=9.9 GiB, in pool=26.5 GiB (prover.merkle_tree)
2026-07-29T08:14:29.247056Z  INFO stark_prove_excluding_trace{phase="prover"}:prover.openings{phase="prover"}:prover.openings.whir{phase="prover"}:rs_code_matrix: openvm_cuda_common::memory_manager: GPU mem: used=+5.4 GiB, current=13.7 GiB, peak=13.7 GiB, in pool=26.5 GiB (prover.rs_code_matrix)
2026-07-29T08:14:29.247106Z  INFO stark_prove_excluding_trace{phase="prover"}:prover.openings{phase="prover"}:prover.openings.whir{phase="prover"}:rs_code_matrix: openvm_cuda_common::memory_manager: GPU mem: used=+128.0 MiB, current=11.1 GiB, peak=11.1 GiB, in pool=26.5 GiB (prover.rs_code_matrix)
2026-07-29T08:14:29.302164Z  INFO stark_prove_excluding_trace{phase="prover"}:prover.openings{phase="prover"}:prover.openings.whir{phase="prover"}: openvm_cuda_common::memory_manager: GPU mem: used=+3.0 GiB, current=11.0 GiB, peak=11.1 GiB, in pool=26.5 GiB (prover.prove_whir_opening:after_initial_whir_round)
2026-07-29T08:14:29.309904Z  INFO stark_prove_excluding_trace{phase="prover"}:prover.openings{phase="prover"}:prover.openings.whir{phase="prover"}:merkle_tree: openvm_cuda_common::memory_manager: GPU mem: used=+32.0 MiB, current=5.6 GiB, peak=11.1 GiB, in pool=26.5 GiB (prover.merkle_tree)
2026-07-29T08:14:29.314950Z  INFO stark_prove_excluding_trace{phase="prover"}:prover.openings{phase="prover"}:prover.openings.whir{phase="prover"}:merkle_tree: openvm_cuda_common::memory_manager: GPU mem: used=+16.0 MiB, current=5.3 GiB, peak=11.1 GiB, in pool=26.5 GiB (prover.merkle_tree)
2026-07-29T08:14:29.317105Z  INFO stark_prove_excluding_trace{phase="prover"}:prover.openings{phase="prover"}:prover.openings.whir{phase="prover"}: openvm_cuda_common::memory_manager: GPU mem: used=-2.9 GiB, current=5.1 GiB, peak=11.1 GiB, in pool=26.5 GiB (prover.prove_whir_opening)
2026-07-29T08:14:29.317111Z  INFO stark_prove_excluding_trace{phase="prover"}:prover.openings{phase="prover"}: openvm_cuda_common::memory_manager: GPU mem: used=-2.9 GiB, current=5.1 GiB, peak=5.1 GiB, in pool=26.5 GiB (prover.openings)
2026-07-29T08:14:29.317536Z  INFO edge_worker::provers::sharded_app_prover::real_impl: Coordinator-consumer: proved segment 5 (2430ms)
2026-07-29T08:14:29.317545Z  INFO edge_worker::provers::sharded_app_prover::real_impl: Coordinator-consumer: proving segment 7
2026-07-29T08:14:29.317548Z  INFO edge_worker::handlers: Streaming result 6 for proof repro-01 (worker_id=0)
2026-07-29T08:14:29.484045Z  INFO execute_metered: openvm_circuit::arch::execution_mode::metered::segment_ctx: overshoot: instret  195342000 | total memory (15.4 GiB) > max (15.0 GiB) | main (2.9 GiB) | interaction (12.5 GiB)
2026-07-29T08:14:29.484074Z  INFO execute_metered: openvm_circuit::arch::execution_mode::metered::segment_ctx: Segment  12 | instret  179948000 | 15393000 instructions | 14.9 GiB memory (2.8 GiB, 12.1 GiB) |  286250955 interactions |  8388608 max height (VmAirWrapper<Rv32BaseAluAdapterAir, BaseAluCoreAir<4, 8>) | 80.51% memory util
2026-07-29T08:14:29.484166Z  INFO edge_worker::provers::sharded_app_prover::real_impl: Executor (parallel): sending segment 12 for proving
2026-07-29T08:14:29.603403Z  INFO vm.transport_init_memory:set_initial_memory: openvm_cuda_common::memory_manager: GPU mem: used=+4.5 GiB, current=9.6 GiB, peak=9.6 GiB, in pool=26.5 GiB (set initial memory)
2026-07-29T08:14:29.640587Z  INFO trace_gen:system_trace_gen:generate_proving_ctxs: openvm_cuda_common::memory_manager: GPU mem: used=+2.5 MiB, current=9.6 GiB, peak=9.6 GiB, in pool=26.5 GiB (generate mem proving ctxs:merkle update)
2026-07-29T08:14:29.652784Z  INFO trace_gen:system_trace_gen:generate_proving_ctxs: openvm_cuda_common::memory_manager: GPU mem: used=+3.6 MiB, current=9.6 GiB, peak=9.6 GiB, in pool=26.5 GiB (generate mem proving ctxs:boundary tracegen)
2026-07-29T08:14:29.652798Z  INFO trace_gen:system_trace_gen:generate_proving_ctxs: openvm_cuda_common::memory_manager: GPU mem: used=+4.9 MiB, current=9.6 GiB, peak=9.6 GiB, in pool=26.5 GiB (generate mem proving ctxs:dropping merkle tree)
2026-07-29T08:14:29.652914Z  INFO trace_gen:system_trace_gen:generate_proving_ctxs: openvm_cuda_common::memory_manager: GPU mem: used=-4.5 GiB, current=5.1 GiB, peak=9.6 GiB, in pool=26.5 GiB (generate mem proving ctxs)
2026-07-29T08:14:30.089289Z  INFO trace_gen:system_trace_gen:generate_proving_ctxs: openvm_cuda_common::memory_manager: GPU mem: used=+2.5 MiB, current=7.8 GiB, peak=9.6 GiB, in pool=26.5 GiB (generate mem proving ctxs:merkle update)
2026-07-29T08:14:30.090593Z  INFO trace_gen:system_trace_gen:generate_proving_ctxs: openvm_cuda_common::memory_manager: GPU mem: used=+3.6 MiB, current=7.8 GiB, peak=9.6 GiB, in pool=26.5 GiB (generate mem proving ctxs:boundary tracegen)
2026-07-29T08:14:30.090605Z  INFO trace_gen:system_trace_gen:generate_proving_ctxs: openvm_cuda_common::memory_manager: GPU mem: used=+4.9 MiB, current=7.8 GiB, peak=9.6 GiB, in pool=26.5 GiB (generate mem proving ctxs:dropping merkle tree)
2026-07-29T08:14:30.090692Z  INFO trace_gen:system_trace_gen:generate_proving_ctxs: openvm_cuda_common::memory_manager: GPU mem: used=-4.5 GiB, current=3.3 GiB, peak=9.6 GiB, in pool=26.5 GiB (generate mem proving ctxs)
2026-07-29T08:14:30.114940Z  INFO stark_prove_excluding_trace{phase="prover"}: openvm_stark_backend::prover: num_airs_present=21
2026-07-29T08:14:30.114962Z  INFO stark_prove_excluding_trace{phase="prover"}:prover.main_trace_commit{phase="prover"}:prover.commit{phase="prover"}:stacked_commit: openvm_cuda_common::memory_manager: GPU mem: used=+0 B, current=3.6 GiB, peak=9.6 GiB, in pool=26.5 GiB (prover.stacked_commit:before stacked_commit)
2026-07-29T08:14:30.114995Z  INFO stark_prove_excluding_trace{phase="prover"}:prover.main_trace_commit{phase="prover"}:prover.commit{phase="prover"}:stacked_commit: openvm_cuda_backend::stacked_pcs: stacked_matrix_dimensions height=16777216 width=43
2026-07-29T08:14:30.115316Z  INFO stark_prove_excluding_trace{phase="prover"}:prover.main_trace_commit{phase="prover"}:prover.commit{phase="prover"}:stacked_commit:rs_code_matrix: openvm_cuda_common::memory_manager: GPU mem: used=+5.4 GiB, current=9.0 GiB, peak=9.0 GiB, in pool=26.5 GiB (prover.rs_code_matrix)
2026-07-29T08:14:30.215317Z  INFO stark_prove_excluding_trace{phase="prover"}:prover.main_trace_commit{phase="prover"}:prover.commit{phase="prover"}:stacked_commit:merkle_tree: openvm_cuda_common::memory_manager: GPU mem: used=-5.2 GiB, current=3.8 GiB, peak=9.1 GiB, in pool=26.5 GiB (prover.merkle_tree)
2026-07-29T08:14:30.215349Z  INFO stark_prove_excluding_trace{phase="prover"}:prover.main_trace_commit{phase="prover"}:prover.commit{phase="prover"}:stacked_commit: openvm_cuda_common::memory_manager: GPU mem: used=+160.0 MiB, current=3.8 GiB, peak=9.1 GiB, in pool=26.5 GiB (prover.stacked_commit)
2026-07-29T08:14:30.215363Z  INFO stark_prove_excluding_trace{phase="prover"}:prover.main_trace_commit{phase="prover"}: openvm_stark_backend::prover::metrics: total_trace_cells = 730_150_412 (excluding preprocessed)
2026-07-29T08:14:30.215365Z  INFO stark_prove_excluding_trace{phase="prover"}:prover.main_trace_commit{phase="prover"}: openvm_stark_backend::prover::metrics: preprocessed_trace_cells = 0
2026-07-29T08:14:30.215375Z  INFO stark_prove_excluding_trace{phase="prover"}:prover.main_trace_commit{phase="prover"}: openvm_stark_backend::prover::metrics: main_trace_cells = 730_150_412
2026-07-29T08:14:30.215858Z  INFO stark_prove_excluding_trace{phase="prover"}:prover.rap_constraints{phase="prover"}:prove_zerocheck_and_logup_gpu:prover.rap_constraints.logup_gkr{phase="prover"}: openvm_cuda_backend::logup_zerocheck: n_global=25 n_logup=25
2026-07-29T08:14:30.227222Z  INFO stark_prove_excluding_trace{phase="prover"}:prover.rap_constraints{phase="prover"}:prove_zerocheck_and_logup_gpu:prover.rap_constraints.logup_gkr{phase="prover"}:fractional_sumcheck_gpu: openvm_cuda_common::memory_manager: GPU mem: used=+10.9 GiB, current=14.6 GiB, peak=14.8 GiB, in pool=26.5 GiB (prover.logup_zerocheck_prover:fractional_sumcheck_gkr: after building segment tree)
2026-07-29T08:14:30.590174Z  INFO stark_prove_excluding_trace{phase="prover"}:prover.rap_constraints{phase="prover"}:prove_zerocheck_and_logup_gpu:prover.rap_constraints.logup_gkr{phase="prover"}:fractional_sumcheck_gpu: openvm_cuda_common::memory_manager: GPU mem: used=+13.4 GiB, current=17.2 GiB, peak=17.2 GiB, in pool=26.5 GiB (prover.logup_zerocheck_prover:after_fractional_sumcheck_gkr)
2026-07-29T08:14:30.665456Z  INFO stark_prove_excluding_trace{phase="prover"}: openvm_stark_backend::prover: num_airs_present=21
2026-07-29T08:14:30.665475Z  INFO stark_prove_excluding_trace{phase="prover"}:prover.main_trace_commit{phase="prover"}:prover.commit{phase="prover"}:stacked_commit: openvm_cuda_common::memory_manager: GPU mem: used=+0 B, current=6.3 GiB, peak=6.5 GiB, in pool=26.5 GiB (prover.stacked_commit:before stacked_commit)
2026-07-29T08:14:30.665494Z  INFO stark_prove_excluding_trace{phase="prover"}:prover.main_trace_commit{phase="prover"}:prover.commit{phase="prover"}:stacked_commit: openvm_cuda_backend::stacked_pcs: stacked_matrix_dimensions height=16777216 width=43
2026-07-29T08:14:30.665825Z  INFO stark_prove_excluding_trace{phase="prover"}:prover.main_trace_commit{phase="prover"}:prover.commit{phase="prover"}:stacked_commit:rs_code_matrix: openvm_cuda_common::memory_manager: GPU mem: used=+5.4 GiB, current=11.6 GiB, peak=11.6 GiB, in pool=26.5 GiB (prover.rs_code_matrix)
2026-07-29T08:14:30.796905Z  INFO stark_prove_excluding_trace{phase="prover"}:prover.main_trace_commit{phase="prover"}:prover.commit{phase="prover"}:stacked_commit:merkle_tree: openvm_cuda_common::memory_manager: GPU mem: used=-5.3 GiB, current=6.4 GiB, peak=11.7 GiB, in pool=26.5 GiB (prover.merkle_tree)
2026-07-29T08:14:30.796924Z  INFO stark_prove_excluding_trace{phase="prover"}:prover.main_trace_commit{phase="prover"}:prover.commit{phase="prover"}:stacked_commit: openvm_cuda_common::memory_manager: GPU mem: used=+128.0 MiB, current=6.4 GiB, peak=11.7 GiB, in pool=26.5 GiB (prover.stacked_commit)
2026-07-29T08:14:30.796936Z  INFO stark_prove_excluding_trace{phase="prover"}:prover.main_trace_commit{phase="prover"}: openvm_stark_backend::prover::metrics: total_trace_cells = 730_150_412 (excluding preprocessed)
2026-07-29T08:14:30.796938Z  INFO stark_prove_excluding_trace{phase="prover"}:prover.main_trace_commit{phase="prover"}: openvm_stark_backend::prover::metrics: preprocessed_trace_cells = 0
2026-07-29T08:14:30.796952Z  INFO stark_prove_excluding_trace{phase="prover"}:prover.main_trace_commit{phase="prover"}: openvm_stark_backend::prover::metrics: main_trace_cells = 730_150_412
2026-07-29T08:14:30.810819Z  INFO stark_prove_excluding_trace{phase="prover"}:prover.rap_constraints{phase="prover"}:prove_zerocheck_and_logup_gpu:prover.rap_constraints.logup_gkr{phase="prover"}: openvm_cuda_backend::logup_zerocheck: n_global=25 n_logup=25
2026-07-29T08:14:30.818623Z  INFO stark_prove_excluding_trace{phase="prover"}:prover.rap_constraints{phase="prover"}:prove_zerocheck_and_logup_gpu:prover.rap_constraints.logup_gkr{phase="prover"}:fractional_sumcheck_gpu: openvm_cuda_common::memory_manager: GPU mem: used=+10.8 GiB, current=17.2 GiB, peak=17.3 GiB, in pool=26.5 GiB (prover.logup_zerocheck_prover:fractional_sumcheck_gkr: after building segment tree)
2026-07-29T08:14:30.996382Z  INFO stark_prove_excluding_trace{phase="prover"}:prover.rap_constraints{phase="prover"}:prove_zerocheck_and_logup_gpu:prover.rap_constraints.mle_rounds{phase="prover"}: openvm_cuda_common::memory_manager: GPU mem: used=+14.4 GiB, current=18.2 GiB, peak=20.5 GiB, in pool=26.5 GiB (prover.logup_zerocheck_prover)
2026-07-29T08:14:30.996914Z  INFO stark_prove_excluding_trace{phase="prover"}:prover.rap_constraints{phase="prover"}: openvm_cuda_common::memory_manager: GPU mem: used=+14.4 GiB, current=18.2 GiB, peak=20.5 GiB, in pool=26.5 GiB (prover.rap_constraints)
2026-07-29T08:14:31.062597Z  INFO stark_prove_excluding_trace{phase="prover"}:prover.openings{phase="prover"}:prover.openings.stacked_reduction{phase="prover"}:prover.openings.stacked_reduction.round0{phase="prover"}: openvm_cuda_common::memory_manager: GPU mem: used=+882.0 MiB, current=19.0 GiB, peak=19.0 GiB, in pool=26.5 GiB (prover.stacked_reduction_new:stacked_reduction_sumcheck round 0)
2026-07-29T08:14:31.070005Z  INFO stark_prove_excluding_trace{phase="prover"}:prover.rap_constraints{phase="prover"}:prove_zerocheck_and_logup_gpu:prover.rap_constraints.logup_gkr{phase="prover"}:fractional_sumcheck_gpu: openvm_cuda_common::memory_manager: GPU mem: used=+13.0 GiB, current=19.4 GiB, peak=20.1 GiB, in pool=26.5 GiB (prover.logup_zerocheck_prover:after_fractional_sumcheck_gkr)
2026-07-29T08:14:31.153130Z  INFO stark_prove_excluding_trace{phase="prover"}:prover.openings{phase="prover"}:prover.openings.stacked_reduction{phase="prover"}: openvm_cuda_common::memory_manager: GPU mem: used=-11.8 GiB, current=6.4 GiB, peak=8.3 GiB, in pool=26.5 GiB (prover.stacked_reduction_new)
2026-07-29T08:14:31.158988Z  INFO stark_prove_excluding_trace{phase="prover"}:prover.openings{phase="prover"}:prover.openings.whir{phase="prover"}: openvm_cuda_common::memory_manager: GPU mem: used=+512.0 MiB, current=6.9 GiB, peak=8.3 GiB, in pool=26.5 GiB (prover.prove_whir_opening:before_whir_rounds)
2026-07-29T08:14:31.177393Z  INFO stark_prove_excluding_trace{phase="prover"}:prover.openings{phase="prover"}:prover.openings.whir{phase="prover"}:merkle_tree: openvm_cuda_common::memory_manager: GPU mem: used=+64.0 MiB, current=6.7 GiB, peak=8.3 GiB, in pool=26.5 GiB (prover.merkle_tree)
2026-07-29T08:14:31.179614Z  INFO stark_prove_excluding_trace{phase="prover"}:prover.openings{phase="prover"}:prover.openings.whir{phase="prover"}:rs_code_matrix: openvm_cuda_common::memory_manager: GPU mem: used=+5.4 GiB, current=12.1 GiB, peak=12.1 GiB, in pool=26.5 GiB (prover.rs_code_matrix)
2026-07-29T08:14:31.182966Z  INFO stark_prove_excluding_trace{phase="prover"}:prover.openings{phase="prover"}:prover.openings.whir{phase="prover"}:rs_code_matrix: openvm_cuda_common::memory_manager: GPU mem: used=+128.0 MiB, current=9.5 GiB, peak=9.5 GiB, in pool=26.5 GiB (prover.rs_code_matrix)
2026-07-29T08:14:31.239891Z  INFO stark_prove_excluding_trace{phase="prover"}:prover.openings{phase="prover"}:prover.openings.whir{phase="prover"}: openvm_cuda_common::memory_manager: GPU mem: used=+5.0 GiB, current=11.3 GiB, peak=11.5 GiB, in pool=26.5 GiB (prover.prove_whir_opening:after_initial_whir_round)
2026-07-29T08:14:31.255229Z  INFO stark_prove_excluding_trace{phase="prover"}:prover.openings{phase="prover"}:prover.openings.whir{phase="prover"}:merkle_tree: openvm_cuda_common::memory_manager: GPU mem: used=-1.5 GiB, current=4.4 GiB, peak=11.5 GiB, in pool=26.5 GiB (prover.merkle_tree)
2026-07-29T08:14:31.266601Z  INFO stark_prove_excluding_trace{phase="prover"}:prover.openings{phase="prover"}:prover.openings.whir{phase="prover"}:merkle_tree: openvm_cuda_common::memory_manager: GPU mem: used=+16.0 MiB, current=4.2 GiB, peak=11.5 GiB, in pool=26.5 GiB (prover.merkle_tree)
2026-07-29T08:14:31.274835Z  INFO stark_prove_excluding_trace{phase="prover"}:prover.openings{phase="prover"}:prover.openings.whir{phase="prover"}: openvm_cuda_common::memory_manager: GPU mem: used=-2.8 GiB, current=3.6 GiB, peak=11.5 GiB, in pool=26.5 GiB (prover.prove_whir_opening)
2026-07-29T08:14:31.274851Z  INFO stark_prove_excluding_trace{phase="prover"}:prover.openings{phase="prover"}: openvm_cuda_common::memory_manager: GPU mem: used=-14.6 GiB, current=3.6 GiB, peak=3.6 GiB, in pool=26.5 GiB (prover.openings)
2026-07-29T08:14:31.274857Z  INFO edge_worker::provers::sharded_app_prover::real_impl: Consumer: proved segment 6 (2426ms)
2026-07-29T08:14:31.275328Z  INFO edge_worker::provers::sharded_app_prover::real_impl: Consumer: proving segment 8
2026-07-29T08:14:31.275371Z  INFO edge_worker::handlers: Streaming result 7 for proof repro-01 (worker_id=0)
2026-07-29T08:14:31.281665Z  INFO stark_prove_excluding_trace{phase="prover"}:prover.rap_constraints{phase="prover"}:prove_zerocheck_and_logup_gpu:prover.rap_constraints.mle_rounds{phase="prover"}: openvm_cuda_common::memory_manager: GPU mem: used=-2.9 GiB, current=3.5 GiB, peak=3.6 GiB, in pool=26.5 GiB (prover.logup_zerocheck_prover)
2026-07-29T08:14:31.282194Z  INFO stark_prove_excluding_trace{phase="prover"}:prover.rap_constraints{phase="prover"}: openvm_cuda_common::memory_manager: GPU mem: used=-2.9 GiB, current=3.5 GiB, peak=3.6 GiB, in pool=26.5 GiB (prover.rap_constraints)
2026-07-29T08:14:31.303264Z  INFO stark_prove_excluding_trace{phase="prover"}:prover.openings{phase="prover"}:prover.openings.stacked_reduction{phase="prover"}:prover.openings.stacked_reduction.round0{phase="prover"}: openvm_cuda_common::memory_manager: GPU mem: used=+1.4 GiB, current=4.8 GiB, peak=4.8 GiB, in pool=26.5 GiB (prover.stacked_reduction_new:stacked_reduction_sumcheck round 0)
2026-07-29T08:14:31.432792Z  INFO execute_metered: openvm_circuit::arch::execution_mode::metered::segment_ctx: overshoot: instret  210735000 | total memory (15.4 GiB) > max (15.0 GiB) | main (2.9 GiB) | interaction (12.5 GiB)
2026-07-29T08:14:31.432818Z  INFO execute_metered: openvm_circuit::arch::execution_mode::metered::segment_ctx: Segment  13 | instret  195341000 | 15393000 instructions | 14.9 GiB memory (2.8 GiB, 12.1 GiB) |  286248837 interactions |  8388608 max height (VmAirWrapper<Rv32BaseAluAdapterAir, BaseAluCoreAir<4, 8>) | 80.51% memory util
2026-07-29T08:14:31.432906Z  INFO edge_worker::provers::sharded_app_prover::real_impl: Executor (parallel): sending segment 13 for proving
2026-07-29T08:14:31.549918Z  INFO vm.transport_init_memory:set_initial_memory: openvm_cuda_common::memory_manager: GPU mem: used=+4.9 GiB, current=9.2 GiB, peak=9.2 GiB, in pool=26.5 GiB (set initial memory)
2026-07-29T08:14:31.601832Z  INFO stark_prove_excluding_trace{phase="prover"}:prover.openings{phase="prover"}:prover.openings.stacked_reduction{phase="prover"}: openvm_cuda_common::memory_manager: GPU mem: used=+4.5 GiB, current=8.0 GiB, peak=9.4 GiB, in pool=26.5 GiB (prover.stacked_reduction_new)
2026-07-29T08:14:31.602120Z  INFO stark_prove_excluding_trace{phase="prover"}:prover.openings{phase="prover"}:prover.openings.whir{phase="prover"}: openvm_cuda_common::memory_manager: GPU mem: used=+512.0 MiB, current=8.5 GiB, peak=9.4 GiB, in pool=26.5 GiB (prover.prove_whir_opening:before_whir_rounds)
2026-07-29T08:14:31.620000Z  INFO stark_prove_excluding_trace{phase="prover"}:prover.openings{phase="prover"}:prover.openings.whir{phase="prover"}:merkle_tree: openvm_cuda_common::memory_manager: GPU mem: used=+64.0 MiB, current=8.3 GiB, peak=9.4 GiB, in pool=26.5 GiB (prover.merkle_tree)
2026-07-29T08:14:31.622192Z  INFO stark_prove_excluding_trace{phase="prover"}:prover.openings{phase="prover"}:prover.openings.whir{phase="prover"}:rs_code_matrix: openvm_cuda_common::memory_manager: GPU mem: used=+5.4 GiB, current=13.7 GiB, peak=13.7 GiB, in pool=26.5 GiB (prover.rs_code_matrix)
2026-07-29T08:14:31.622234Z  INFO stark_prove_excluding_trace{phase="prover"}:prover.openings{phase="prover"}:prover.openings.whir{phase="prover"}:rs_code_matrix: openvm_cuda_common::memory_manager: GPU mem: used=+128.0 MiB, current=11.1 GiB, peak=11.1 GiB, in pool=26.5 GiB (prover.rs_code_matrix)
2026-07-29T08:14:31.677027Z  INFO stark_prove_excluding_trace{phase="prover"}:prover.openings{phase="prover"}:prover.openings.whir{phase="prover"}: openvm_cuda_common::memory_manager: GPU mem: used=+3.0 GiB, current=11.0 GiB, peak=11.1 GiB, in pool=26.5 GiB (prover.prove_whir_opening:after_initial_whir_round)
2026-07-29T08:14:31.684607Z  INFO stark_prove_excluding_trace{phase="prover"}:prover.openings{phase="prover"}:prover.openings.whir{phase="prover"}:merkle_tree: openvm_cuda_common::memory_manager: GPU mem: used=+32.0 MiB, current=5.6 GiB, peak=11.1 GiB, in pool=26.5 GiB (prover.merkle_tree)
2026-07-29T08:14:31.689137Z  INFO stark_prove_excluding_trace{phase="prover"}:prover.openings{phase="prover"}:prover.openings.whir{phase="prover"}:merkle_tree: openvm_cuda_common::memory_manager: GPU mem: used=+16.0 MiB, current=5.3 GiB, peak=11.1 GiB, in pool=26.5 GiB (prover.merkle_tree)
2026-07-29T08:14:31.691902Z  INFO stark_prove_excluding_trace{phase="prover"}:prover.openings{phase="prover"}:prover.openings.whir{phase="prover"}: openvm_cuda_common::memory_manager: GPU mem: used=-2.9 GiB, current=5.1 GiB, peak=11.1 GiB, in pool=26.5 GiB (prover.prove_whir_opening)
2026-07-29T08:14:31.691906Z  INFO stark_prove_excluding_trace{phase="prover"}:prover.openings{phase="prover"}: openvm_cuda_common::memory_manager: GPU mem: used=+1.6 GiB, current=5.1 GiB, peak=5.1 GiB, in pool=26.5 GiB (prover.openings)
2026-07-29T08:14:31.692426Z  INFO edge_worker::provers::sharded_app_prover::real_impl: Coordinator-consumer: proved segment 7 (2374ms)
2026-07-29T08:14:31.692435Z  INFO edge_worker::provers::sharded_app_prover::real_impl: Coordinator-consumer: proving segment 9
2026-07-29T08:14:31.692483Z  INFO edge_worker::handlers: Streaming result 8 for proof repro-01 (worker_id=0)
2026-07-29T08:14:31.854528Z  INFO execute_metered: openvm_circuit::arch::execution_mode::metered::segment_ctx: overshoot: instret  226129000 | total memory (15.4 GiB) > max (15.0 GiB) | main (2.9 GiB) | interaction (12.5 GiB)
2026-07-29T08:14:31.854556Z  INFO execute_metered: openvm_circuit::arch::execution_mode::metered::segment_ctx: Segment  14 | instret  210734000 | 15394000 instructions | 14.9 GiB memory (2.8 GiB, 12.1 GiB) |  286266429 interactions |  8388608 max height (VmAirWrapper<Rv32BaseAluAdapterAir, BaseAluCoreAir<4, 8>) | 80.51% memory util
2026-07-29T08:14:31.854646Z  INFO edge_worker::provers::sharded_app_prover::real_impl: Executor (parallel): sending segment 14 for proving
2026-07-29T08:14:31.973016Z  INFO vm.transport_init_memory:set_initial_memory: openvm_cuda_common::memory_manager: GPU mem: used=+4.5 GiB, current=9.6 GiB, peak=9.6 GiB, in pool=26.5 GiB (set initial memory)
2026-07-29T08:14:32.010557Z  INFO trace_gen:system_trace_gen:generate_proving_ctxs: openvm_cuda_common::memory_manager: GPU mem: used=+2.4 MiB, current=9.6 GiB, peak=9.6 GiB, in pool=26.5 GiB (generate mem proving ctxs:merkle update)
2026-07-29T08:14:32.022337Z  INFO trace_gen:system_trace_gen:generate_proving_ctxs: openvm_cuda_common::memory_manager: GPU mem: used=+3.6 MiB, current=9.6 GiB, peak=9.6 GiB, in pool=26.5 GiB (generate mem proving ctxs:boundary tracegen)
2026-07-29T08:14:32.022351Z  INFO trace_gen:system_trace_gen:generate_proving_ctxs: openvm_cuda_common::memory_manager: GPU mem: used=+4.9 MiB, current=9.6 GiB, peak=9.6 GiB, in pool=26.5 GiB (generate mem proving ctxs:dropping merkle tree)
2026-07-29T08:14:32.022441Z  INFO trace_gen:system_trace_gen:generate_proving_ctxs: openvm_cuda_common::memory_manager: GPU mem: used=-4.5 GiB, current=5.1 GiB, peak=9.6 GiB, in pool=26.5 GiB (generate mem proving ctxs)
2026-07-29T08:14:32.489174Z  INFO trace_gen:system_trace_gen:generate_proving_ctxs: openvm_cuda_common::memory_manager: GPU mem: used=+2.5 MiB, current=7.8 GiB, peak=9.6 GiB, in pool=26.5 GiB (generate mem proving ctxs:merkle update)
2026-07-29T08:14:32.490676Z  INFO trace_gen:system_trace_gen:generate_proving_ctxs: openvm_cuda_common::memory_manager: GPU mem: used=+3.6 MiB, current=7.8 GiB, peak=9.6 GiB, in pool=26.5 GiB (generate mem proving ctxs:boundary tracegen)
2026-07-29T08:14:32.490702Z  INFO trace_gen:system_trace_gen:generate_proving_ctxs: openvm_cuda_common::memory_manager: GPU mem: used=+4.9 MiB, current=7.8 GiB, peak=9.6 GiB, in pool=26.5 GiB (generate mem proving ctxs:dropping merkle tree)
2026-07-29T08:14:32.490802Z  INFO trace_gen:system_trace_gen:generate_proving_ctxs: openvm_cuda_common::memory_manager: GPU mem: used=-4.5 GiB, current=3.3 GiB, peak=9.6 GiB, in pool=26.5 GiB (generate mem proving ctxs)
2026-07-29T08:14:32.544559Z  INFO stark_prove_excluding_trace{phase="prover"}: openvm_stark_backend::prover: num_airs_present=21
2026-07-29T08:14:32.544584Z  INFO stark_prove_excluding_trace{phase="prover"}:prover.main_trace_commit{phase="prover"}:prover.commit{phase="prover"}:stacked_commit: openvm_cuda_common::memory_manager: GPU mem: used=+0 B, current=3.6 GiB, peak=9.6 GiB, in pool=26.5 GiB (prover.stacked_commit:before stacked_commit)
2026-07-29T08:14:32.544609Z  INFO stark_prove_excluding_trace{phase="prover"}:prover.main_trace_commit{phase="prover"}:prover.commit{phase="prover"}:stacked_commit: openvm_cuda_backend::stacked_pcs: stacked_matrix_dimensions height=16777216 width=43
2026-07-29T08:14:32.544908Z  INFO stark_prove_excluding_trace{phase="prover"}:prover.main_trace_commit{phase="prover"}:prover.commit{phase="prover"}:stacked_commit:rs_code_matrix: openvm_cuda_common::memory_manager: GPU mem: used=+5.4 GiB, current=9.0 GiB, peak=9.0 GiB, in pool=26.5 GiB (prover.rs_code_matrix)
2026-07-29T08:14:32.645030Z  INFO stark_prove_excluding_trace{phase="prover"}:prover.main_trace_commit{phase="prover"}:prover.commit{phase="prover"}:stacked_commit:merkle_tree: openvm_cuda_common::memory_manager: GPU mem: used=-5.2 GiB, current=3.8 GiB, peak=9.1 GiB, in pool=26.5 GiB (prover.merkle_tree)
2026-07-29T08:14:32.645046Z  INFO stark_prove_excluding_trace{phase="prover"}:prover.main_trace_commit{phase="prover"}:prover.commit{phase="prover"}:stacked_commit: openvm_cuda_common::memory_manager: GPU mem: used=+160.0 MiB, current=3.8 GiB, peak=9.1 GiB, in pool=26.5 GiB (prover.stacked_commit)
2026-07-29T08:14:32.645060Z  INFO stark_prove_excluding_trace{phase="prover"}:prover.main_trace_commit{phase="prover"}: openvm_stark_backend::prover::metrics: total_trace_cells = 730_150_412 (excluding preprocessed)
2026-07-29T08:14:32.645063Z  INFO stark_prove_excluding_trace{phase="prover"}:prover.main_trace_commit{phase="prover"}: openvm_stark_backend::prover::metrics: preprocessed_trace_cells = 0
2026-07-29T08:14:32.645065Z  INFO stark_prove_excluding_trace{phase="prover"}:prover.main_trace_commit{phase="prover"}: openvm_stark_backend::prover::metrics: main_trace_cells = 730_150_412
2026-07-29T08:14:32.645435Z  INFO stark_prove_excluding_trace{phase="prover"}:prover.rap_constraints{phase="prover"}:prove_zerocheck_and_logup_gpu:prover.rap_constraints.logup_gkr{phase="prover"}: openvm_cuda_backend::logup_zerocheck: n_global=25 n_logup=25
2026-07-29T08:14:32.656700Z  INFO stark_prove_excluding_trace{phase="prover"}:prover.rap_constraints{phase="prover"}:prove_zerocheck_and_logup_gpu:prover.rap_constraints.logup_gkr{phase="prover"}:fractional_sumcheck_gpu: openvm_cuda_common::memory_manager: GPU mem: used=+10.9 GiB, current=14.7 GiB, peak=14.8 GiB, in pool=26.5 GiB (prover.logup_zerocheck_prover:fractional_sumcheck_gkr: after building segment tree)
2026-07-29T08:14:33.009229Z  INFO stark_prove_excluding_trace{phase="prover"}:prover.rap_constraints{phase="prover"}:prove_zerocheck_and_logup_gpu:prover.rap_constraints.logup_gkr{phase="prover"}:fractional_sumcheck_gpu: openvm_cuda_common::memory_manager: GPU mem: used=+13.4 GiB, current=17.2 GiB, peak=17.2 GiB, in pool=26.5 GiB (prover.logup_zerocheck_prover:after_fractional_sumcheck_gkr)
2026-07-29T08:14:33.098045Z  INFO stark_prove_excluding_trace{phase="prover"}: openvm_stark_backend::prover: num_airs_present=21
2026-07-29T08:14:33.098071Z  INFO stark_prove_excluding_trace{phase="prover"}:prover.main_trace_commit{phase="prover"}:prover.commit{phase="prover"}:stacked_commit: openvm_cuda_common::memory_manager: GPU mem: used=+0 B, current=6.3 GiB, peak=6.3 GiB, in pool=26.5 GiB (prover.stacked_commit:before stacked_commit)
2026-07-29T08:14:33.098112Z  INFO stark_prove_excluding_trace{phase="prover"}:prover.main_trace_commit{phase="prover"}:prover.commit{phase="prover"}:stacked_commit: openvm_cuda_backend::stacked_pcs: stacked_matrix_dimensions height=16777216 width=43
2026-07-29T08:14:33.098433Z  INFO stark_prove_excluding_trace{phase="prover"}:prover.main_trace_commit{phase="prover"}:prover.commit{phase="prover"}:stacked_commit:rs_code_matrix: openvm_cuda_common::memory_manager: GPU mem: used=+5.4 GiB, current=11.6 GiB, peak=11.6 GiB, in pool=26.5 GiB (prover.rs_code_matrix)
2026-07-29T08:14:33.229448Z  INFO stark_prove_excluding_trace{phase="prover"}:prover.main_trace_commit{phase="prover"}:prover.commit{phase="prover"}:stacked_commit:merkle_tree: openvm_cuda_common::memory_manager: GPU mem: used=-5.3 GiB, current=6.4 GiB, peak=11.7 GiB, in pool=26.5 GiB (prover.merkle_tree)
2026-07-29T08:14:33.229492Z  INFO stark_prove_excluding_trace{phase="prover"}:prover.main_trace_commit{phase="prover"}:prover.commit{phase="prover"}:stacked_commit: openvm_cuda_common::memory_manager: GPU mem: used=+128.0 MiB, current=6.4 GiB, peak=11.7 GiB, in pool=26.5 GiB (prover.stacked_commit)
2026-07-29T08:14:33.229511Z  INFO stark_prove_excluding_trace{phase="prover"}:prover.main_trace_commit{phase="prover"}: openvm_stark_backend::prover::metrics: total_trace_cells = 730_150_412 (excluding preprocessed)
2026-07-29T08:14:33.229515Z  INFO stark_prove_excluding_trace{phase="prover"}:prover.main_trace_commit{phase="prover"}: openvm_stark_backend::prover::metrics: preprocessed_trace_cells = 0
2026-07-29T08:14:33.229517Z  INFO stark_prove_excluding_trace{phase="prover"}:prover.main_trace_commit{phase="prover"}: openvm_stark_backend::prover::metrics: main_trace_cells = 730_150_412
2026-07-29T08:14:33.229745Z  INFO stark_prove_excluding_trace{phase="prover"}:prover.rap_constraints{phase="prover"}:prove_zerocheck_and_logup_gpu:prover.rap_constraints.logup_gkr{phase="prover"}: openvm_cuda_backend::logup_zerocheck: n_global=25 n_logup=25
2026-07-29T08:14:33.251341Z  INFO stark_prove_excluding_trace{phase="prover"}:prover.rap_constraints{phase="prover"}:prove_zerocheck_and_logup_gpu:prover.rap_constraints.logup_gkr{phase="prover"}:fractional_sumcheck_gpu: openvm_cuda_common::memory_manager: GPU mem: used=+10.8 GiB, current=17.2 GiB, peak=17.3 GiB, in pool=26.5 GiB (prover.logup_zerocheck_prover:fractional_sumcheck_gkr: after building segment tree)
2026-07-29T08:14:33.419872Z  INFO stark_prove_excluding_trace{phase="prover"}:prover.rap_constraints{phase="prover"}:prove_zerocheck_and_logup_gpu:prover.rap_constraints.mle_rounds{phase="prover"}: openvm_cuda_common::memory_manager: GPU mem: used=+14.4 GiB, current=18.2 GiB, peak=20.5 GiB, in pool=26.5 GiB (prover.logup_zerocheck_prover)
2026-07-29T08:14:33.421077Z  INFO stark_prove_excluding_trace{phase="prover"}:prover.rap_constraints{phase="prover"}: openvm_cuda_common::memory_manager: GPU mem: used=+14.4 GiB, current=18.2 GiB, peak=20.5 GiB, in pool=26.5 GiB (prover.rap_constraints)
2026-07-29T08:14:33.494617Z  INFO stark_prove_excluding_trace{phase="prover"}:prover.openings{phase="prover"}:prover.openings.stacked_reduction{phase="prover"}:prover.openings.stacked_reduction.round0{phase="prover"}: openvm_cuda_common::memory_manager: GPU mem: used=+882.9 MiB, current=19.0 GiB, peak=19.0 GiB, in pool=26.5 GiB (prover.stacked_reduction_new:stacked_reduction_sumcheck round 0)
2026-07-29T08:14:33.502414Z  INFO stark_prove_excluding_trace{phase="prover"}:prover.rap_constraints{phase="prover"}:prove_zerocheck_and_logup_gpu:prover.rap_constraints.logup_gkr{phase="prover"}:fractional_sumcheck_gpu: openvm_cuda_common::memory_manager: GPU mem: used=+12.8 GiB, current=19.2 GiB, peak=20.1 GiB, in pool=26.5 GiB (prover.logup_zerocheck_prover:after_fractional_sumcheck_gkr)
2026-07-29T08:14:33.572430Z  INFO stark_prove_excluding_trace{phase="prover"}:prover.openings{phase="prover"}:prover.openings.stacked_reduction{phase="prover"}: openvm_cuda_common::memory_manager: GPU mem: used=-11.8 GiB, current=6.4 GiB, peak=8.3 GiB, in pool=26.5 GiB (prover.stacked_reduction_new)
2026-07-29T08:14:33.576930Z  INFO stark_prove_excluding_trace{phase="prover"}:prover.openings{phase="prover"}:prover.openings.whir{phase="prover"}: openvm_cuda_common::memory_manager: GPU mem: used=+512.0 MiB, current=6.9 GiB, peak=8.3 GiB, in pool=26.5 GiB (prover.prove_whir_opening:before_whir_rounds)
2026-07-29T08:14:33.606432Z  INFO stark_prove_excluding_trace{phase="prover"}:prover.openings{phase="prover"}:prover.openings.whir{phase="prover"}:merkle_tree: openvm_cuda_common::memory_manager: GPU mem: used=+64.0 MiB, current=6.7 GiB, peak=8.3 GiB, in pool=26.5 GiB (prover.merkle_tree)
2026-07-29T08:14:33.610630Z  INFO stark_prove_excluding_trace{phase="prover"}:prover.openings{phase="prover"}:prover.openings.whir{phase="prover"}:rs_code_matrix: openvm_cuda_common::memory_manager: GPU mem: used=+5.4 GiB, current=12.1 GiB, peak=12.1 GiB, in pool=26.5 GiB (prover.rs_code_matrix)
2026-07-29T08:14:33.616418Z  INFO stark_prove_excluding_trace{phase="prover"}:prover.openings{phase="prover"}:prover.openings.whir{phase="prover"}:rs_code_matrix: openvm_cuda_common::memory_manager: GPU mem: used=+128.0 MiB, current=9.5 GiB, peak=9.5 GiB, in pool=26.5 GiB (prover.rs_code_matrix)
2026-07-29T08:14:33.668483Z  INFO stark_prove_excluding_trace{phase="prover"}:prover.openings{phase="prover"}:prover.openings.whir{phase="prover"}: openvm_cuda_common::memory_manager: GPU mem: used=+3.0 GiB, current=9.4 GiB, peak=9.5 GiB, in pool=26.5 GiB (prover.prove_whir_opening:after_initial_whir_round)
2026-07-29T08:14:33.676538Z  INFO stark_prove_excluding_trace{phase="prover"}:prover.openings{phase="prover"}:prover.openings.whir{phase="prover"}:merkle_tree: openvm_cuda_common::memory_manager: GPU mem: used=+32.0 MiB, current=4.0 GiB, peak=9.5 GiB, in pool=26.5 GiB (prover.merkle_tree)
2026-07-29T08:14:33.696112Z  INFO stark_prove_excluding_trace{phase="prover"}:prover.openings{phase="prover"}:prover.openings.whir{phase="prover"}:merkle_tree: openvm_cuda_common::memory_manager: GPU mem: used=-896.1 MiB, current=4.8 GiB, peak=9.5 GiB, in pool=26.5 GiB (prover.merkle_tree)
2026-07-29T08:14:33.703260Z  INFO stark_prove_excluding_trace{phase="prover"}:prover.openings{phase="prover"}:prover.openings.whir{phase="prover"}: openvm_cuda_common::memory_manager: GPU mem: used=-2.7 GiB, current=3.7 GiB, peak=9.5 GiB, in pool=26.5 GiB (prover.prove_whir_opening)
2026-07-29T08:14:33.703313Z  INFO stark_prove_excluding_trace{phase="prover"}:prover.openings{phase="prover"}: openvm_cuda_common::memory_manager: GPU mem: used=-14.5 GiB, current=3.7 GiB, peak=3.7 GiB, in pool=26.5 GiB (prover.openings)
2026-07-29T08:14:33.703330Z  INFO edge_worker::provers::sharded_app_prover::real_impl: Consumer: proved segment 8 (2427ms)
2026-07-29T08:14:33.704264Z  INFO edge_worker::provers::sharded_app_prover::real_impl: Consumer: proving segment 10
2026-07-29T08:14:33.704270Z  INFO edge_worker::handlers: Streaming result 9 for proof repro-01 (worker_id=0)
2026-07-29T08:14:33.736454Z  INFO stark_prove_excluding_trace{phase="prover"}:prover.rap_constraints{phase="prover"}:prove_zerocheck_and_logup_gpu:prover.rap_constraints.mle_rounds{phase="prover"}: openvm_cuda_common::memory_manager: GPU mem: used=-2.4 GiB, current=4.0 GiB, peak=4.1 GiB, in pool=26.5 GiB (prover.logup_zerocheck_prover)
2026-07-29T08:14:33.737681Z  INFO stark_prove_excluding_trace{phase="prover"}:prover.rap_constraints{phase="prover"}: openvm_cuda_common::memory_manager: GPU mem: used=-2.4 GiB, current=4.0 GiB, peak=4.1 GiB, in pool=26.5 GiB (prover.rap_constraints)
2026-07-29T08:14:33.953444Z  INFO execute_metered: openvm_circuit::arch::execution_mode::metered::segment_ctx: overshoot: instret  241524000 | total memory (15.4 GiB) > max (15.0 GiB) | main (2.9 GiB) | interaction (12.5 GiB)
2026-07-29T08:14:33.953510Z  INFO execute_metered: openvm_circuit::arch::execution_mode::metered::segment_ctx: Segment  15 | instret  226128000 | 15395000 instructions | 14.9 GiB memory (2.8 GiB, 12.1 GiB) |  286288063 interactions |  8388608 max height (VmAirWrapper<Rv32BaseAluAdapterAir, BaseAluCoreAir<4, 8>) | 80.52% memory util
2026-07-29T08:14:33.953697Z  INFO edge_worker::provers::sharded_app_prover::real_impl: Executor (parallel): sending segment 15 for proving
2026-07-29T08:14:33.982727Z  INFO vm.transport_init_memory:set_initial_memory: openvm_cuda_common::memory_manager: GPU mem: used=+5.4 GiB, current=8.8 GiB, peak=8.8 GiB, in pool=26.5 GiB (set initial memory)
2026-07-29T08:14:34.051673Z  INFO stark_prove_excluding_trace{phase="prover"}:prover.openings{phase="prover"}:prover.openings.stacked_reduction{phase="prover"}:prover.openings.stacked_reduction.round0{phase="prover"}: openvm_cuda_common::memory_manager: GPU mem: used=+4.9 GiB, current=8.8 GiB, peak=8.8 GiB, in pool=26.5 GiB (prover.stacked_reduction_new:stacked_reduction_sumcheck round 0)
2026-07-29T08:14:34.062769Z  INFO stark_prove_excluding_trace{phase="prover"}:prover.openings{phase="prover"}:prover.openings.stacked_reduction{phase="prover"}: openvm_cuda_common::memory_manager: GPU mem: used=+4.0 GiB, current=8.0 GiB, peak=9.9 GiB, in pool=26.5 GiB (prover.stacked_reduction_new)
2026-07-29T08:14:34.063059Z  INFO stark_prove_excluding_trace{phase="prover"}:prover.openings{phase="prover"}:prover.openings.whir{phase="prover"}: openvm_cuda_common::memory_manager: GPU mem: used=+512.0 MiB, current=8.5 GiB, peak=9.9 GiB, in pool=26.5 GiB (prover.prove_whir_opening:before_whir_rounds)
2026-07-29T08:14:34.081099Z  INFO stark_prove_excluding_trace{phase="prover"}:prover.openings{phase="prover"}:prover.openings.whir{phase="prover"}:merkle_tree: openvm_cuda_common::memory_manager: GPU mem: used=+64.0 MiB, current=8.3 GiB, peak=9.9 GiB, in pool=26.5 GiB (prover.merkle_tree)
2026-07-29T08:14:34.083972Z  INFO stark_prove_excluding_trace{phase="prover"}:prover.openings{phase="prover"}:prover.openings.whir{phase="prover"}:rs_code_matrix: openvm_cuda_common::memory_manager: GPU mem: used=+5.4 GiB, current=13.7 GiB, peak=13.7 GiB, in pool=26.5 GiB (prover.rs_code_matrix)
2026-07-29T08:14:34.084120Z  INFO stark_prove_excluding_trace{phase="prover"}:prover.openings{phase="prover"}:prover.openings.whir{phase="prover"}:rs_code_matrix: openvm_cuda_common::memory_manager: GPU mem: used=+128.0 MiB, current=11.1 GiB, peak=11.1 GiB, in pool=26.5 GiB (prover.rs_code_matrix)
2026-07-29T08:14:34.139506Z  INFO stark_prove_excluding_trace{phase="prover"}:prover.openings{phase="prover"}:prover.openings.whir{phase="prover"}: openvm_cuda_common::memory_manager: GPU mem: used=+3.0 GiB, current=11.0 GiB, peak=11.1 GiB, in pool=26.5 GiB (prover.prove_whir_opening:after_initial_whir_round)
2026-07-29T08:14:34.147459Z  INFO stark_prove_excluding_trace{phase="prover"}:prover.openings{phase="prover"}:prover.openings.whir{phase="prover"}:merkle_tree: openvm_cuda_common::memory_manager: GPU mem: used=+32.0 MiB, current=5.6 GiB, peak=11.1 GiB, in pool=26.5 GiB (prover.merkle_tree)
2026-07-29T08:14:34.152005Z  INFO stark_prove_excluding_trace{phase="prover"}:prover.openings{phase="prover"}:prover.openings.whir{phase="prover"}:merkle_tree: openvm_cuda_common::memory_manager: GPU mem: used=+16.0 MiB, current=5.3 GiB, peak=11.1 GiB, in pool=26.5 GiB (prover.merkle_tree)
2026-07-29T08:14:34.154585Z  INFO stark_prove_excluding_trace{phase="prover"}:prover.openings{phase="prover"}:prover.openings.whir{phase="prover"}: openvm_cuda_common::memory_manager: GPU mem: used=-2.9 GiB, current=5.1 GiB, peak=11.1 GiB, in pool=26.5 GiB (prover.prove_whir_opening)
2026-07-29T08:14:34.154625Z  INFO stark_prove_excluding_trace{phase="prover"}:prover.openings{phase="prover"}: openvm_cuda_common::memory_manager: GPU mem: used=+1.1 GiB, current=5.1 GiB, peak=5.1 GiB, in pool=26.5 GiB (prover.openings)
2026-07-29T08:14:34.155332Z  INFO edge_worker::provers::sharded_app_prover::real_impl: Coordinator-consumer: proved segment 9 (2462ms)
2026-07-29T08:14:34.155353Z  INFO edge_worker::provers::sharded_app_prover::real_impl: Coordinator-consumer: proving segment 11
2026-07-29T08:14:34.155392Z  INFO edge_worker::handlers: Streaming result 10 for proof repro-01 (worker_id=0)
2026-07-29T08:14:34.405424Z  INFO execute_metered: openvm_circuit::arch::execution_mode::metered::segment_ctx: overshoot: instret  256917000 | total memory (15.4 GiB) > max (15.0 GiB) | main (2.9 GiB) | interaction (12.5 GiB)
2026-07-29T08:14:34.405501Z  INFO execute_metered: openvm_circuit::arch::execution_mode::metered::segment_ctx: Segment  16 | instret  241523000 | 15393000 instructions | 14.9 GiB memory (2.8 GiB, 12.1 GiB) |  286249097 interactions |  8388608 max height (VmAirWrapper<Rv32BaseAluAdapterAir, BaseAluCoreAir<4, 8>) | 80.51% memory util
2026-07-29T08:14:34.405677Z  INFO edge_worker::provers::sharded_app_prover::real_impl: Executor (parallel): sending segment 16 for proving
2026-07-29T08:14:34.440712Z  INFO vm.transport_init_memory:set_initial_memory: openvm_cuda_common::memory_manager: GPU mem: used=+4.5 GiB, current=9.6 GiB, peak=9.6 GiB, in pool=26.5 GiB (set initial memory)
2026-07-29T08:14:34.478417Z  INFO trace_gen:system_trace_gen:generate_proving_ctxs: openvm_cuda_common::memory_manager: GPU mem: used=+2.5 MiB, current=9.6 GiB, peak=9.6 GiB, in pool=26.5 GiB (generate mem proving ctxs:merkle update)
2026-07-29T08:14:34.490180Z  INFO trace_gen:system_trace_gen:generate_proving_ctxs: openvm_cuda_common::memory_manager: GPU mem: used=+3.6 MiB, current=9.6 GiB, peak=9.6 GiB, in pool=26.5 GiB (generate mem proving ctxs:boundary tracegen)
2026-07-29T08:14:34.490212Z  INFO trace_gen:system_trace_gen:generate_proving_ctxs: openvm_cuda_common::memory_manager: GPU mem: used=+4.9 MiB, current=9.6 GiB, peak=9.6 GiB, in pool=26.5 GiB (generate mem proving ctxs:dropping merkle tree)
2026-07-29T08:14:34.490308Z  INFO trace_gen:system_trace_gen:generate_proving_ctxs: openvm_cuda_common::memory_manager: GPU mem: used=-4.5 GiB, current=5.1 GiB, peak=9.6 GiB, in pool=26.5 GiB (generate mem proving ctxs)
2026-07-29T08:14:34.984057Z  INFO stark_prove_excluding_trace{phase="prover"}: openvm_stark_backend::prover: num_airs_present=21
2026-07-29T08:14:34.984109Z  INFO stark_prove_excluding_trace{phase="prover"}:prover.main_trace_commit{phase="prover"}:prover.commit{phase="prover"}:stacked_commit: openvm_cuda_common::memory_manager: GPU mem: used=+0 B, current=7.8 GiB, peak=9.6 GiB, in pool=26.5 GiB (prover.stacked_commit:before stacked_commit)
2026-07-29T08:14:34.984163Z  INFO stark_prove_excluding_trace{phase="prover"}:prover.main_trace_commit{phase="prover"}:prover.commit{phase="prover"}:stacked_commit: openvm_cuda_backend::stacked_pcs: stacked_matrix_dimensions height=16777216 width=43
2026-07-29T08:14:34.984766Z  INFO stark_prove_excluding_trace{phase="prover"}:prover.main_trace_commit{phase="prover"}:prover.commit{phase="prover"}:stacked_commit:rs_code_matrix: openvm_cuda_common::memory_manager: GPU mem: used=+5.4 GiB, current=13.2 GiB, peak=13.2 GiB, in pool=26.5 GiB (prover.rs_code_matrix)
2026-07-29T08:14:35.084440Z  INFO trace_gen:system_trace_gen:generate_proving_ctxs: openvm_cuda_common::memory_manager: GPU mem: used=+2.4 MiB, current=8.0 GiB, peak=13.3 GiB, in pool=26.5 GiB (generate mem proving ctxs:merkle update)
2026-07-29T08:14:35.084488Z  INFO stark_prove_excluding_trace{phase="prover"}:prover.main_trace_commit{phase="prover"}:prover.commit{phase="prover"}:stacked_commit:merkle_tree: openvm_cuda_common::memory_manager: GPU mem: used=-5.2 GiB, current=8.0 GiB, peak=13.3 GiB, in pool=26.5 GiB (prover.merkle_tree)
2026-07-29T08:14:35.084515Z  INFO stark_prove_excluding_trace{phase="prover"}:prover.main_trace_commit{phase="prover"}:prover.commit{phase="prover"}:stacked_commit: openvm_cuda_common::memory_manager: GPU mem: used=+134.4 MiB, current=8.0 GiB, peak=13.3 GiB, in pool=26.5 GiB (prover.stacked_commit)
2026-07-29T08:14:35.084548Z  INFO stark_prove_excluding_trace{phase="prover"}:prover.main_trace_commit{phase="prover"}: openvm_stark_backend::prover::metrics: total_trace_cells = 730_150_412 (excluding preprocessed)
2026-07-29T08:14:35.084556Z  INFO stark_prove_excluding_trace{phase="prover"}:prover.main_trace_commit{phase="prover"}: openvm_stark_backend::prover::metrics: preprocessed_trace_cells = 0
2026-07-29T08:14:35.084572Z  INFO stark_prove_excluding_trace{phase="prover"}:prover.main_trace_commit{phase="prover"}: openvm_stark_backend::prover::metrics: main_trace_cells = 730_150_412
2026-07-29T08:14:35.084846Z  INFO stark_prove_excluding_trace{phase="prover"}:prover.rap_constraints{phase="prover"}:prove_zerocheck_and_logup_gpu:prover.rap_constraints.logup_gkr{phase="prover"}: openvm_cuda_backend::logup_zerocheck: n_global=25 n_logup=25
2026-07-29T08:14:35.114633Z  INFO trace_gen:system_trace_gen:generate_proving_ctxs: openvm_cuda_common::memory_manager: GPU mem: used=+10.8 GiB, current=18.8 GiB, peak=18.8 GiB, in pool=26.5 GiB (generate mem proving ctxs:boundary tracegen)
2026-07-29T08:14:35.114723Z  INFO trace_gen:system_trace_gen:generate_proving_ctxs: openvm_cuda_common::memory_manager: GPU mem: used=+10.8 GiB, current=18.8 GiB, peak=18.8 GiB, in pool=26.5 GiB (generate mem proving ctxs:dropping merkle tree)
2026-07-29T08:14:35.114844Z  INFO trace_gen:system_trace_gen:generate_proving_ctxs: openvm_cuda_common::memory_manager: GPU mem: used=+6.3 GiB, current=14.3 GiB, peak=18.8 GiB, in pool=26.5 GiB (generate mem proving ctxs)
2026-07-29T08:14:35.148929Z  INFO stark_prove_excluding_trace{phase="prover"}:prover.rap_constraints{phase="prover"}:prove_zerocheck_and_logup_gpu:prover.rap_constraints.logup_gkr{phase="prover"}:fractional_sumcheck_gpu: openvm_cuda_common::memory_manager: GPU mem: used=+6.5 GiB, current=14.5 GiB, peak=18.8 GiB, in pool=26.5 GiB (prover.logup_zerocheck_prover:fractional_sumcheck_gkr: after building segment tree)
2026-07-29T08:14:35.488193Z  INFO stark_prove_excluding_trace{phase="prover"}:prover.rap_constraints{phase="prover"}:prove_zerocheck_and_logup_gpu:prover.rap_constraints.logup_gkr{phase="prover"}:fractional_sumcheck_gpu: openvm_cuda_common::memory_manager: GPU mem: used=+9.3 GiB, current=17.2 GiB, peak=18.8 GiB, in pool=26.5 GiB (prover.logup_zerocheck_prover:after_fractional_sumcheck_gkr)
2026-07-29T08:14:35.654720Z  INFO stark_prove_excluding_trace{phase="prover"}: openvm_stark_backend::prover: num_airs_present=21
2026-07-29T08:14:35.654760Z  INFO stark_prove_excluding_trace{phase="prover"}:prover.main_trace_commit{phase="prover"}:prover.commit{phase="prover"}:stacked_commit: openvm_cuda_common::memory_manager: GPU mem: used=+0 B, current=6.3 GiB, peak=6.5 GiB, in pool=26.5 GiB (prover.stacked_commit:before stacked_commit)
2026-07-29T08:14:35.654804Z  INFO stark_prove_excluding_trace{phase="prover"}:prover.main_trace_commit{phase="prover"}:prover.commit{phase="prover"}:stacked_commit: openvm_cuda_backend::stacked_pcs: stacked_matrix_dimensions height=16777216 width=43
2026-07-29T08:14:35.655344Z  INFO stark_prove_excluding_trace{phase="prover"}:prover.main_trace_commit{phase="prover"}:prover.commit{phase="prover"}:stacked_commit:rs_code_matrix: openvm_cuda_common::memory_manager: GPU mem: used=+5.4 GiB, current=11.6 GiB, peak=11.6 GiB, in pool=26.5 GiB (prover.rs_code_matrix)
2026-07-29T08:14:35.786073Z  INFO stark_prove_excluding_trace{phase="prover"}:prover.main_trace_commit{phase="prover"}:prover.commit{phase="prover"}:stacked_commit:merkle_tree: openvm_cuda_common::memory_manager: GPU mem: used=-5.3 GiB, current=6.4 GiB, peak=11.7 GiB, in pool=26.5 GiB (prover.merkle_tree)
2026-07-29T08:14:35.786127Z  INFO stark_prove_excluding_trace{phase="prover"}:prover.main_trace_commit{phase="prover"}:prover.commit{phase="prover"}:stacked_commit: openvm_cuda_common::memory_manager: GPU mem: used=+128.0 MiB, current=6.4 GiB, peak=11.7 GiB, in pool=26.5 GiB (prover.stacked_commit)
2026-07-29T08:14:35.786152Z  INFO stark_prove_excluding_trace{phase="prover"}:prover.main_trace_commit{phase="prover"}: openvm_stark_backend::prover::metrics: total_trace_cells = 730_150_412 (excluding preprocessed)
2026-07-29T08:14:35.786165Z  INFO stark_prove_excluding_trace{phase="prover"}:prover.main_trace_commit{phase="prover"}: openvm_stark_backend::prover::metrics: preprocessed_trace_cells = 0
2026-07-29T08:14:35.786170Z  INFO stark_prove_excluding_trace{phase="prover"}:prover.main_trace_commit{phase="prover"}: openvm_stark_backend::prover::metrics: main_trace_cells = 730_150_412
2026-07-29T08:14:35.786455Z  INFO stark_prove_excluding_trace{phase="prover"}:prover.rap_constraints{phase="prover"}:prove_zerocheck_and_logup_gpu:prover.rap_constraints.logup_gkr{phase="prover"}: openvm_cuda_backend::logup_zerocheck: n_global=25 n_logup=25
2026-07-29T08:14:35.808184Z  INFO stark_prove_excluding_trace{phase="prover"}:prover.rap_constraints{phase="prover"}:prove_zerocheck_and_logup_gpu:prover.rap_constraints.logup_gkr{phase="prover"}:fractional_sumcheck_gpu: openvm_cuda_common::memory_manager: GPU mem: used=+10.8 GiB, current=17.2 GiB, peak=17.3 GiB, in pool=26.5 GiB (prover.logup_zerocheck_prover:fractional_sumcheck_gkr: after building segment tree)
2026-07-29T08:14:35.997493Z  INFO stark_prove_excluding_trace{phase="prover"}:prover.rap_constraints{phase="prover"}:prove_zerocheck_and_logup_gpu:prover.rap_constraints.mle_rounds{phase="prover"}: openvm_cuda_common::memory_manager: GPU mem: used=+10.2 GiB, current=18.2 GiB, peak=20.5 GiB, in pool=26.5 GiB (prover.logup_zerocheck_prover)
2026-07-29T08:14:35.998408Z  INFO stark_prove_excluding_trace{phase="prover"}:prover.rap_constraints{phase="prover"}: openvm_cuda_common::memory_manager: GPU mem: used=+10.2 GiB, current=18.2 GiB, peak=20.5 GiB, in pool=26.5 GiB (prover.rap_constraints)
2026-07-29T08:14:36.047345Z  INFO stark_prove_excluding_trace{phase="prover"}:prover.openings{phase="prover"}:prover.openings.stacked_reduction{phase="prover"}:prover.openings.stacked_reduction.round0{phase="prover"}: openvm_cuda_common::memory_manager: GPU mem: used=+882.1 MiB, current=19.0 GiB, peak=19.0 GiB, in pool=26.5 GiB (prover.stacked_reduction_new:stacked_reduction_sumcheck round 0)
2026-07-29T08:14:36.067128Z  INFO stark_prove_excluding_trace{phase="prover"}:prover.rap_constraints{phase="prover"}:prove_zerocheck_and_logup_gpu:prover.rap_constraints.logup_gkr{phase="prover"}:fractional_sumcheck_gpu: openvm_cuda_common::memory_manager: GPU mem: used=+12.8 GiB, current=19.1 GiB, peak=20.1 GiB, in pool=26.5 GiB (prover.logup_zerocheck_prover:after_fractional_sumcheck_gkr)
2026-07-29T08:14:36.133541Z  INFO stark_prove_excluding_trace{phase="prover"}:prover.openings{phase="prover"}:prover.openings.stacked_reduction{phase="prover"}: openvm_cuda_common::memory_manager: GPU mem: used=-11.8 GiB, current=6.4 GiB, peak=8.3 GiB, in pool=26.5 GiB (prover.stacked_reduction_new)
2026-07-29T08:14:36.138036Z  INFO stark_prove_excluding_trace{phase="prover"}:prover.openings{phase="prover"}:prover.openings.whir{phase="prover"}: openvm_cuda_common::memory_manager: GPU mem: used=+512.0 MiB, current=6.9 GiB, peak=8.3 GiB, in pool=26.5 GiB (prover.prove_whir_opening:before_whir_rounds)
2026-07-29T08:14:36.167530Z  INFO stark_prove_excluding_trace{phase="prover"}:prover.openings{phase="prover"}:prover.openings.whir{phase="prover"}:merkle_tree: openvm_cuda_common::memory_manager: GPU mem: used=+64.0 MiB, current=6.7 GiB, peak=8.3 GiB, in pool=26.5 GiB (prover.merkle_tree)
2026-07-29T08:14:36.171236Z  INFO stark_prove_excluding_trace{phase="prover"}:prover.openings{phase="prover"}:prover.openings.whir{phase="prover"}:rs_code_matrix: openvm_cuda_common::memory_manager: GPU mem: used=+5.4 GiB, current=12.1 GiB, peak=12.1 GiB, in pool=26.5 GiB (prover.rs_code_matrix)
2026-07-29T08:14:36.175938Z  INFO stark_prove_excluding_trace{phase="prover"}:prover.openings{phase="prover"}:prover.openings.whir{phase="prover"}:rs_code_matrix: openvm_cuda_common::memory_manager: GPU mem: used=+128.0 MiB, current=9.5 GiB, peak=9.5 GiB, in pool=26.5 GiB (prover.rs_code_matrix)
2026-07-29T08:14:36.228722Z  INFO stark_prove_excluding_trace{phase="prover"}:prover.openings{phase="prover"}:prover.openings.whir{phase="prover"}: openvm_cuda_common::memory_manager: GPU mem: used=+3.0 GiB, current=9.4 GiB, peak=9.5 GiB, in pool=26.5 GiB (prover.prove_whir_opening:after_initial_whir_round)
2026-07-29T08:14:36.236734Z  INFO stark_prove_excluding_trace{phase="prover"}:prover.openings{phase="prover"}:prover.openings.whir{phase="prover"}:merkle_tree: openvm_cuda_common::memory_manager: GPU mem: used=+32.0 MiB, current=4.0 GiB, peak=9.5 GiB, in pool=26.5 GiB (prover.merkle_tree)
2026-07-29T08:14:36.245627Z  INFO stark_prove_excluding_trace{phase="prover"}:prover.openings{phase="prover"}:prover.openings.whir{phase="prover"}:merkle_tree: openvm_cuda_common::memory_manager: GPU mem: used=+719.0 MiB, current=4.4 GiB, peak=9.5 GiB, in pool=26.5 GiB (prover.merkle_tree)
2026-07-29T08:14:36.258617Z  INFO stark_prove_excluding_trace{phase="prover"}:prover.openings{phase="prover"}:prover.openings.whir{phase="prover"}: openvm_cuda_common::memory_manager: GPU mem: used=-1.7 GiB, current=4.6 GiB, peak=9.5 GiB, in pool=26.5 GiB (prover.prove_whir_opening)
2026-07-29T08:14:36.258659Z  INFO stark_prove_excluding_trace{phase="prover"}:prover.openings{phase="prover"}: openvm_cuda_common::memory_manager: GPU mem: used=-13.6 GiB, current=4.6 GiB, peak=4.6 GiB, in pool=26.5 GiB (prover.openings)
2026-07-29T08:14:36.258673Z  INFO edge_worker::provers::sharded_app_prover::real_impl: Consumer: proved segment 10 (2554ms)
2026-07-29T08:14:36.259395Z  INFO edge_worker::provers::sharded_app_prover::real_impl: Consumer: proving segment 12
2026-07-29T08:14:36.259437Z  INFO edge_worker::handlers: Streaming result 11 for proof repro-01 (worker_id=0)
2026-07-29T08:14:36.343570Z  INFO stark_prove_excluding_trace{phase="prover"}:prover.rap_constraints{phase="prover"}:prove_zerocheck_and_logup_gpu:prover.rap_constraints.mle_rounds{phase="prover"}: openvm_cuda_common::memory_manager: GPU mem: used=-2.4 GiB, current=4.0 GiB, peak=4.7 GiB, in pool=26.5 GiB (prover.logup_zerocheck_prover)
2026-07-29T08:14:36.344178Z  INFO stark_prove_excluding_trace{phase="prover"}:prover.rap_constraints{phase="prover"}: openvm_cuda_common::memory_manager: GPU mem: used=-2.4 GiB, current=4.0 GiB, peak=4.7 GiB, in pool=26.5 GiB (prover.rap_constraints)
2026-07-29T08:14:36.438863Z  INFO execute_metered: openvm_circuit::arch::execution_mode::metered::segment_ctx: overshoot: instret  272310000 | total memory (15.4 GiB) > max (15.0 GiB) | main (2.9 GiB) | interaction (12.5 GiB)
2026-07-29T08:14:36.438905Z  INFO execute_metered: openvm_circuit::arch::execution_mode::metered::segment_ctx: Segment  17 | instret  256916000 | 15393000 instructions | 14.9 GiB memory (2.8 GiB, 12.1 GiB) |  286250448 interactions |  8388608 max height (VmAirWrapper<Rv32BaseAluAdapterAir, BaseAluCoreAir<4, 8>) | 80.51% memory util
2026-07-29T08:14:36.438962Z  INFO edge_worker::provers::sharded_app_prover::real_impl: Executor (parallel): sending segment 17 for proving
2026-07-29T08:14:36.539920Z  INFO vm.transport_init_memory:set_initial_memory: openvm_cuda_common::memory_manager: GPU mem: used=+5.4 GiB, current=8.8 GiB, peak=8.8 GiB, in pool=26.5 GiB (set initial memory)
2026-07-29T08:14:36.609376Z  INFO stark_prove_excluding_trace{phase="prover"}:prover.openings{phase="prover"}:prover.openings.stacked_reduction{phase="prover"}:prover.openings.stacked_reduction.round0{phase="prover"}: openvm_cuda_common::memory_manager: GPU mem: used=+4.9 GiB, current=8.8 GiB, peak=8.8 GiB, in pool=26.5 GiB (prover.stacked_reduction_new:stacked_reduction_sumcheck round 0)
2026-07-29T08:14:36.619613Z  INFO stark_prove_excluding_trace{phase="prover"}:prover.openings{phase="prover"}:prover.openings.stacked_reduction{phase="prover"}: openvm_cuda_common::memory_manager: GPU mem: used=+4.0 GiB, current=8.0 GiB, peak=9.9 GiB, in pool=26.5 GiB (prover.stacked_reduction_new)
2026-07-29T08:14:36.619775Z  INFO stark_prove_excluding_trace{phase="prover"}:prover.openings{phase="prover"}:prover.openings.whir{phase="prover"}: openvm_cuda_common::memory_manager: GPU mem: used=+512.0 MiB, current=8.5 GiB, peak=9.9 GiB, in pool=26.5 GiB (prover.prove_whir_opening:before_whir_rounds)
2026-07-29T08:14:36.637723Z  INFO stark_prove_excluding_trace{phase="prover"}:prover.openings{phase="prover"}:prover.openings.whir{phase="prover"}:merkle_tree: openvm_cuda_common::memory_manager: GPU mem: used=+64.0 MiB, current=8.3 GiB, peak=9.9 GiB, in pool=26.5 GiB (prover.merkle_tree)
2026-07-29T08:14:36.639951Z  INFO stark_prove_excluding_trace{phase="prover"}:prover.openings{phase="prover"}:prover.openings.whir{phase="prover"}:rs_code_matrix: openvm_cuda_common::memory_manager: GPU mem: used=+5.4 GiB, current=13.7 GiB, peak=13.7 GiB, in pool=26.5 GiB (prover.rs_code_matrix)
2026-07-29T08:14:36.640032Z  INFO stark_prove_excluding_trace{phase="prover"}:prover.openings{phase="prover"}:prover.openings.whir{phase="prover"}:rs_code_matrix: openvm_cuda_common::memory_manager: GPU mem: used=+128.0 MiB, current=11.1 GiB, peak=11.1 GiB, in pool=26.5 GiB (prover.rs_code_matrix)
2026-07-29T08:14:36.694929Z  INFO stark_prove_excluding_trace{phase="prover"}:prover.openings{phase="prover"}:prover.openings.whir{phase="prover"}: openvm_cuda_common::memory_manager: GPU mem: used=+3.0 GiB, current=11.0 GiB, peak=11.1 GiB, in pool=26.5 GiB (prover.prove_whir_opening:after_initial_whir_round)
2026-07-29T08:14:36.702508Z  INFO stark_prove_excluding_trace{phase="prover"}:prover.openings{phase="prover"}:prover.openings.whir{phase="prover"}:merkle_tree: openvm_cuda_common::memory_manager: GPU mem: used=+32.0 MiB, current=5.6 GiB, peak=11.1 GiB, in pool=26.5 GiB (prover.merkle_tree)
2026-07-29T08:14:36.706304Z  INFO stark_prove_excluding_trace{phase="prover"}:prover.openings{phase="prover"}:prover.openings.whir{phase="prover"}:merkle_tree: openvm_cuda_common::memory_manager: GPU mem: used=+16.0 MiB, current=5.3 GiB, peak=11.1 GiB, in pool=26.5 GiB (prover.merkle_tree)
2026-07-29T08:14:36.709532Z  INFO stark_prove_excluding_trace{phase="prover"}:prover.openings{phase="prover"}:prover.openings.whir{phase="prover"}: openvm_cuda_common::memory_manager: GPU mem: used=-2.9 GiB, current=5.1 GiB, peak=11.1 GiB, in pool=26.5 GiB (prover.prove_whir_opening)
2026-07-29T08:14:36.709551Z  INFO stark_prove_excluding_trace{phase="prover"}:prover.openings{phase="prover"}: openvm_cuda_common::memory_manager: GPU mem: used=+1.1 GiB, current=5.1 GiB, peak=5.1 GiB, in pool=26.5 GiB (prover.openings)
2026-07-29T08:14:36.710048Z  INFO edge_worker::provers::sharded_app_prover::real_impl: Coordinator-consumer: proved segment 11 (2554ms)
2026-07-29T08:14:36.710065Z  INFO edge_worker::provers::sharded_app_prover::real_impl: Coordinator-consumer: proving segment 13
2026-07-29T08:14:36.710070Z  INFO edge_worker::handlers: Streaming result 12 for proof repro-01 (worker_id=0)
2026-07-29T08:14:36.874911Z  INFO execute_metered: openvm_circuit::arch::execution_mode::metered::segment_ctx: overshoot: instret  287705000 | total memory (15.4 GiB) > max (15.0 GiB) | main (2.9 GiB) | interaction (12.5 GiB)
2026-07-29T08:14:36.874953Z  INFO execute_metered: openvm_circuit::arch::execution_mode::metered::segment_ctx: Segment  18 | instret  272309000 | 15395000 instructions | 14.9 GiB memory (2.8 GiB, 12.1 GiB) |  286285809 interactions |  8388608 max height (VmAirWrapper<Rv32BaseAluAdapterAir, BaseAluCoreAir<4, 8>) | 80.52% memory util
2026-07-29T08:14:36.875019Z  INFO edge_worker::provers::sharded_app_prover::real_impl: Executor (parallel): sending segment 18 for proving
2026-07-29T08:14:36.992518Z  INFO vm.transport_init_memory:set_initial_memory: openvm_cuda_common::memory_manager: GPU mem: used=+4.5 GiB, current=9.6 GiB, peak=9.6 GiB, in pool=26.5 GiB (set initial memory)
2026-07-29T08:14:37.265698Z  INFO trace_gen:system_trace_gen:generate_proving_ctxs: openvm_cuda_common::memory_manager: GPU mem: used=+2.5 MiB, current=9.6 GiB, peak=9.6 GiB, in pool=26.5 GiB (generate mem proving ctxs:merkle update)
2026-07-29T08:14:37.267284Z  INFO trace_gen:system_trace_gen:generate_proving_ctxs: openvm_cuda_common::memory_manager: GPU mem: used=+3.6 MiB, current=9.6 GiB, peak=9.6 GiB, in pool=26.5 GiB (generate mem proving ctxs:boundary tracegen)
2026-07-29T08:14:37.267327Z  INFO trace_gen:system_trace_gen:generate_proving_ctxs: openvm_cuda_common::memory_manager: GPU mem: used=+4.9 MiB, current=9.6 GiB, peak=9.6 GiB, in pool=26.5 GiB (generate mem proving ctxs:dropping merkle tree)
2026-07-29T08:14:37.267431Z  INFO trace_gen:system_trace_gen:generate_proving_ctxs: openvm_cuda_common::memory_manager: GPU mem: used=-4.5 GiB, current=5.1 GiB, peak=9.6 GiB, in pool=26.5 GiB (generate mem proving ctxs)
2026-07-29T08:14:37.477546Z  INFO trace_gen:system_trace_gen:generate_proving_ctxs: openvm_cuda_common::memory_manager: GPU mem: used=+2.5 MiB, current=6.3 GiB, peak=9.6 GiB, in pool=26.5 GiB (generate mem proving ctxs:merkle update)
2026-07-29T08:14:37.479049Z  INFO trace_gen:system_trace_gen:generate_proving_ctxs: openvm_cuda_common::memory_manager: GPU mem: used=+3.6 MiB, current=6.3 GiB, peak=9.6 GiB, in pool=26.5 GiB (generate mem proving ctxs:boundary tracegen)
2026-07-29T08:14:37.479066Z  INFO trace_gen:system_trace_gen:generate_proving_ctxs: openvm_cuda_common::memory_manager: GPU mem: used=+4.9 MiB, current=6.3 GiB, peak=9.6 GiB, in pool=26.5 GiB (generate mem proving ctxs:dropping merkle tree)
2026-07-29T08:14:37.479161Z  INFO trace_gen:system_trace_gen:generate_proving_ctxs: openvm_cuda_common::memory_manager: GPU mem: used=-4.5 GiB, current=1.8 GiB, peak=9.6 GiB, in pool=26.5 GiB (generate mem proving ctxs)
2026-07-29T08:14:37.795764Z  INFO stark_prove_excluding_trace{phase="prover"}: openvm_stark_backend::prover: num_airs_present=21
2026-07-29T08:14:37.795818Z  INFO stark_prove_excluding_trace{phase="prover"}:prover.main_trace_commit{phase="prover"}:prover.commit{phase="prover"}:stacked_commit: openvm_cuda_common::memory_manager: GPU mem: used=+0 B, current=3.9 GiB, peak=9.6 GiB, in pool=26.5 GiB (prover.stacked_commit:before stacked_commit)
2026-07-29T08:14:37.795867Z  INFO stark_prove_excluding_trace{phase="prover"}:prover.main_trace_commit{phase="prover"}:prover.commit{phase="prover"}:stacked_commit: openvm_cuda_backend::stacked_pcs: stacked_matrix_dimensions height=16777216 width=43
2026-07-29T08:14:37.796575Z  INFO stark_prove_excluding_trace{phase="prover"}:prover.main_trace_commit{phase="prover"}:prover.commit{phase="prover"}:stacked_commit:rs_code_matrix: openvm_cuda_common::memory_manager: GPU mem: used=+5.5 GiB, current=9.4 GiB, peak=9.4 GiB, in pool=26.5 GiB (prover.rs_code_matrix)
2026-07-29T08:14:37.897487Z  INFO stark_prove_excluding_trace{phase="prover"}:prover.main_trace_commit{phase="prover"}:prover.commit{phase="prover"}:stacked_commit:merkle_tree: openvm_cuda_common::memory_manager: GPU mem: used=-4.8 GiB, current=4.7 GiB, peak=9.5 GiB, in pool=26.5 GiB (prover.merkle_tree)
2026-07-29T08:14:37.897556Z  INFO stark_prove_excluding_trace{phase="prover"}:prover.main_trace_commit{phase="prover"}:prover.commit{phase="prover"}:stacked_commit: openvm_cuda_common::memory_manager: GPU mem: used=+817.1 MiB, current=4.7 GiB, peak=9.5 GiB, in pool=26.5 GiB (prover.stacked_commit)
2026-07-29T08:14:37.897587Z  INFO stark_prove_excluding_trace{phase="prover"}:prover.main_trace_commit{phase="prover"}: openvm_stark_backend::prover::metrics: total_trace_cells = 730_150_412 (excluding preprocessed)
2026-07-29T08:14:37.897594Z  INFO stark_prove_excluding_trace{phase="prover"}:prover.main_trace_commit{phase="prover"}: openvm_stark_backend::prover::metrics: preprocessed_trace_cells = 0
2026-07-29T08:14:37.897598Z  INFO stark_prove_excluding_trace{phase="prover"}:prover.main_trace_commit{phase="prover"}: openvm_stark_backend::prover::metrics: main_trace_cells = 730_150_412
2026-07-29T08:14:37.901978Z  INFO stark_prove_excluding_trace{phase="prover"}:prover.rap_constraints{phase="prover"}:prove_zerocheck_and_logup_gpu:prover.rap_constraints.logup_gkr{phase="prover"}: openvm_cuda_backend::logup_zerocheck: n_global=25 n_logup=25
2026-07-29T08:14:37.906263Z  INFO stark_prove_excluding_trace{phase="prover"}:prover.rap_constraints{phase="prover"}:prove_zerocheck_and_logup_gpu:prover.rap_constraints.logup_gkr{phase="prover"}:fractional_sumcheck_gpu: openvm_cuda_common::memory_manager: GPU mem: used=+10.9 GiB, current=15.6 GiB, peak=15.7 GiB, in pool=26.5 GiB (prover.logup_zerocheck_prover:fractional_sumcheck_gkr: after building segment tree)
2026-07-29T08:14:38.213800Z  INFO stark_prove_excluding_trace{phase="prover"}:prover.rap_constraints{phase="prover"}:prove_zerocheck_and_logup_gpu:prover.rap_constraints.logup_gkr{phase="prover"}:fractional_sumcheck_gpu: openvm_cuda_common::memory_manager: GPU mem: used=+13.4 GiB, current=18.0 GiB, peak=18.4 GiB, in pool=26.5 GiB (prover.logup_zerocheck_prover:after_fractional_sumcheck_gkr)
2026-07-29T08:14:38.263022Z  INFO stark_prove_excluding_trace{phase="prover"}: openvm_stark_backend::prover: num_airs_present=21
2026-07-29T08:14:38.263072Z  INFO stark_prove_excluding_trace{phase="prover"}:prover.main_trace_commit{phase="prover"}:prover.commit{phase="prover"}:stacked_commit: openvm_cuda_common::memory_manager: GPU mem: used=+0 B, current=6.3 GiB, peak=7.0 GiB, in pool=26.5 GiB (prover.stacked_commit:before stacked_commit)
2026-07-29T08:14:38.263124Z  INFO stark_prove_excluding_trace{phase="prover"}:prover.main_trace_commit{phase="prover"}:prover.commit{phase="prover"}:stacked_commit: openvm_cuda_backend::stacked_pcs: stacked_matrix_dimensions height=16777216 width=43
2026-07-29T08:14:38.263875Z  INFO stark_prove_excluding_trace{phase="prover"}:prover.main_trace_commit{phase="prover"}:prover.commit{phase="prover"}:stacked_commit:rs_code_matrix: openvm_cuda_common::memory_manager: GPU mem: used=+5.4 GiB, current=11.6 GiB, peak=11.6 GiB, in pool=26.5 GiB (prover.rs_code_matrix)
2026-07-29T08:14:38.383622Z  INFO stark_prove_excluding_trace{phase="prover"}:prover.main_trace_commit{phase="prover"}:prover.commit{phase="prover"}:stacked_commit:merkle_tree: openvm_cuda_common::memory_manager: GPU mem: used=-5.2 GiB, current=6.4 GiB, peak=11.7 GiB, in pool=26.5 GiB (prover.merkle_tree)
2026-07-29T08:14:38.383693Z  INFO stark_prove_excluding_trace{phase="prover"}:prover.main_trace_commit{phase="prover"}:prover.commit{phase="prover"}:stacked_commit: openvm_cuda_common::memory_manager: GPU mem: used=+128.0 MiB, current=6.4 GiB, peak=11.7 GiB, in pool=26.5 GiB (prover.stacked_commit)
2026-07-29T08:14:38.383721Z  INFO stark_prove_excluding_trace{phase="prover"}:prover.main_trace_commit{phase="prover"}: openvm_stark_backend::prover::metrics: total_trace_cells = 730_150_412 (excluding preprocessed)
2026-07-29T08:14:38.383726Z  INFO stark_prove_excluding_trace{phase="prover"}:prover.main_trace_commit{phase="prover"}: openvm_stark_backend::prover::metrics: preprocessed_trace_cells = 0
2026-07-29T08:14:38.383729Z  INFO stark_prove_excluding_trace{phase="prover"}:prover.main_trace_commit{phase="prover"}: openvm_stark_backend::prover::metrics: main_trace_cells = 730_150_412
2026-07-29T08:14:38.384313Z  INFO stark_prove_excluding_trace{phase="prover"}:prover.rap_constraints{phase="prover"}:prove_zerocheck_and_logup_gpu:prover.rap_constraints.logup_gkr{phase="prover"}: openvm_cuda_backend::logup_zerocheck: n_global=25 n_logup=25
2026-07-29T08:14:38.394175Z  INFO stark_prove_excluding_trace{phase="prover"}:prover.rap_constraints{phase="prover"}:prove_zerocheck_and_logup_gpu:prover.rap_constraints.logup_gkr{phase="prover"}:fractional_sumcheck_gpu: openvm_cuda_common::memory_manager: GPU mem: used=+10.8 GiB, current=17.2 GiB, peak=17.3 GiB, in pool=26.5 GiB (prover.logup_zerocheck_prover:fractional_sumcheck_gkr: after building segment tree)
2026-07-29T08:14:38.573519Z  INFO stark_prove_excluding_trace{phase="prover"}:prover.rap_constraints{phase="prover"}:prove_zerocheck_and_logup_gpu:prover.rap_constraints.mle_rounds{phase="prover"}: openvm_cuda_common::memory_manager: GPU mem: used=+13.5 GiB, current=18.2 GiB, peak=20.5 GiB, in pool=26.5 GiB (prover.logup_zerocheck_prover)
2026-07-29T08:14:38.574767Z  INFO stark_prove_excluding_trace{phase="prover"}:prover.rap_constraints{phase="prover"}: openvm_cuda_common::memory_manager: GPU mem: used=+13.5 GiB, current=18.2 GiB, peak=20.5 GiB, in pool=26.5 GiB (prover.rap_constraints)
2026-07-29T08:14:38.634228Z  INFO stark_prove_excluding_trace{phase="prover"}:prover.openings{phase="prover"}:prover.openings.stacked_reduction{phase="prover"}:prover.openings.stacked_reduction.round0{phase="prover"}: openvm_cuda_common::memory_manager: GPU mem: used=+882.0 MiB, current=19.0 GiB, peak=19.0 GiB, in pool=26.5 GiB (prover.stacked_reduction_new:stacked_reduction_sumcheck round 0)
2026-07-29T08:14:38.641670Z  INFO stark_prove_excluding_trace{phase="prover"}:prover.rap_constraints{phase="prover"}:prove_zerocheck_and_logup_gpu:prover.rap_constraints.logup_gkr{phase="prover"}:fractional_sumcheck_gpu: openvm_cuda_common::memory_manager: GPU mem: used=+13.0 GiB, current=19.4 GiB, peak=20.1 GiB, in pool=26.5 GiB (prover.logup_zerocheck_prover:after_fractional_sumcheck_gkr)
2026-07-29T08:14:38.729490Z  INFO stark_prove_excluding_trace{phase="prover"}:prover.openings{phase="prover"}:prover.openings.stacked_reduction{phase="prover"}: openvm_cuda_common::memory_manager: GPU mem: used=-11.8 GiB, current=6.4 GiB, peak=8.3 GiB, in pool=26.5 GiB (prover.stacked_reduction_new)
2026-07-29T08:14:38.731356Z  INFO stark_prove_excluding_trace{phase="prover"}:prover.openings{phase="prover"}:prover.openings.whir{phase="prover"}: openvm_cuda_common::memory_manager: GPU mem: used=+512.0 MiB, current=6.9 GiB, peak=8.3 GiB, in pool=26.5 GiB (prover.prove_whir_opening:before_whir_rounds)
2026-07-29T08:14:38.751598Z  INFO stark_prove_excluding_trace{phase="prover"}:prover.openings{phase="prover"}:prover.openings.whir{phase="prover"}:merkle_tree: openvm_cuda_common::memory_manager: GPU mem: used=+64.0 MiB, current=6.7 GiB, peak=8.3 GiB, in pool=26.5 GiB (prover.merkle_tree)
2026-07-29T08:14:38.754923Z  INFO stark_prove_excluding_trace{phase="prover"}:prover.openings{phase="prover"}:prover.openings.whir{phase="prover"}:rs_code_matrix: openvm_cuda_common::memory_manager: GPU mem: used=+6.9 GiB, current=13.6 GiB, peak=13.6 GiB, in pool=26.5 GiB (prover.rs_code_matrix)
2026-07-29T08:14:38.755193Z  INFO stark_prove_excluding_trace{phase="prover"}:prover.openings{phase="prover"}:prover.openings.whir{phase="prover"}:rs_code_matrix: openvm_cuda_common::memory_manager: GPU mem: used=+142.4 MiB, current=11.5 GiB, peak=11.5 GiB, in pool=26.5 GiB (prover.rs_code_matrix)
2026-07-29T08:14:38.822551Z  INFO stark_prove_excluding_trace{phase="prover"}:prover.openings{phase="prover"}:prover.openings.whir{phase="prover"}: openvm_cuda_common::memory_manager: GPU mem: used=+3.5 GiB, current=9.8 GiB, peak=11.8 GiB, in pool=26.5 GiB (prover.prove_whir_opening:after_initial_whir_round)
2026-07-29T08:14:38.836058Z  INFO stark_prove_excluding_trace{phase="prover"}:prover.openings{phase="prover"}:prover.openings.whir{phase="prover"}:merkle_tree: openvm_cuda_common::memory_manager: GPU mem: used=-594.1 MiB, current=4.4 GiB, peak=11.8 GiB, in pool=26.5 GiB (prover.merkle_tree)
2026-07-29T08:14:38.844625Z  INFO stark_prove_excluding_trace{phase="prover"}:prover.openings{phase="prover"}:prover.openings.whir{phase="prover"}:merkle_tree: openvm_cuda_common::memory_manager: GPU mem: used=-116.8 MiB, current=3.9 GiB, peak=11.8 GiB, in pool=26.5 GiB (prover.merkle_tree)
2026-07-29T08:14:38.849202Z  INFO stark_prove_excluding_trace{phase="prover"}:prover.openings{phase="prover"}:prover.openings.whir{phase="prover"}: openvm_cuda_common::memory_manager: GPU mem: used=-2.9 GiB, current=3.5 GiB, peak=11.8 GiB, in pool=26.5 GiB (prover.prove_whir_opening)
2026-07-29T08:14:38.849251Z  INFO stark_prove_excluding_trace{phase="prover"}:prover.openings{phase="prover"}: openvm_cuda_common::memory_manager: GPU mem: used=-14.7 GiB, current=3.5 GiB, peak=3.5 GiB, in pool=26.5 GiB (prover.openings)
2026-07-29T08:14:38.849262Z  INFO edge_worker::provers::sharded_app_prover::real_impl: Consumer: proved segment 12 (2589ms)
2026-07-29T08:14:38.849916Z  INFO edge_worker::provers::sharded_app_prover::real_impl: Consumer: proving segment 14
2026-07-29T08:14:38.849959Z  INFO edge_worker::handlers: Streaming result 13 for proof repro-01 (worker_id=0)
2026-07-29T08:14:38.853769Z  INFO stark_prove_excluding_trace{phase="prover"}:prover.rap_constraints{phase="prover"}:prove_zerocheck_and_logup_gpu:prover.rap_constraints.mle_rounds{phase="prover"}: openvm_cuda_common::memory_manager: GPU mem: used=-2.9 GiB, current=3.5 GiB, peak=3.5 GiB, in pool=26.5 GiB (prover.logup_zerocheck_prover)
2026-07-29T08:14:38.854330Z  INFO stark_prove_excluding_trace{phase="prover"}:prover.rap_constraints{phase="prover"}: openvm_cuda_common::memory_manager: GPU mem: used=-2.9 GiB, current=3.5 GiB, peak=3.5 GiB, in pool=26.5 GiB (prover.rap_constraints)
2026-07-29T08:14:38.869547Z  INFO stark_prove_excluding_trace{phase="prover"}:prover.openings{phase="prover"}:prover.openings.stacked_reduction{phase="prover"}:prover.openings.stacked_reduction.round0{phase="prover"}: openvm_cuda_common::memory_manager: GPU mem: used=+1.4 GiB, current=4.8 GiB, peak=4.8 GiB, in pool=26.5 GiB (prover.stacked_reduction_new:stacked_reduction_sumcheck round 0)
2026-07-29T08:14:39.012296Z  INFO execute_metered: openvm_circuit::arch::execution_mode::metered::segment_ctx: overshoot: instret  303098000 | total memory (15.4 GiB) > max (15.0 GiB) | main (2.9 GiB) | interaction (12.5 GiB)
2026-07-29T08:14:39.012350Z  INFO execute_metered: openvm_circuit::arch::execution_mode::metered::segment_ctx: Segment  19 | instret  287704000 | 15393000 instructions | 14.9 GiB memory (2.8 GiB, 12.1 GiB) |  286250635 interactions |  8388608 max height (VmAirWrapper<Rv32BaseAluAdapterAir, BaseAluCoreAir<4, 8>) | 80.51% memory util
2026-07-29T08:14:39.012398Z  INFO edge_worker::provers::sharded_app_prover::real_impl: Executor (parallel): sending segment 19 for proving
2026-07-29T08:14:39.141600Z  INFO vm.transport_init_memory:set_initial_memory: openvm_cuda_common::memory_manager: GPU mem: used=+5.2 GiB, current=9.5 GiB, peak=9.5 GiB, in pool=26.5 GiB (set initial memory)
2026-07-29T08:14:39.195977Z  INFO stark_prove_excluding_trace{phase="prover"}:prover.openings{phase="prover"}:prover.openings.stacked_reduction{phase="prover"}: openvm_cuda_common::memory_manager: GPU mem: used=+4.5 GiB, current=8.0 GiB, peak=9.9 GiB, in pool=26.5 GiB (prover.stacked_reduction_new)
2026-07-29T08:14:39.196422Z  INFO stark_prove_excluding_trace{phase="prover"}:prover.openings{phase="prover"}:prover.openings.whir{phase="prover"}: openvm_cuda_common::memory_manager: GPU mem: used=+512.0 MiB, current=8.5 GiB, peak=9.9 GiB, in pool=26.5 GiB (prover.prove_whir_opening:before_whir_rounds)
2026-07-29T08:14:39.214220Z  INFO stark_prove_excluding_trace{phase="prover"}:prover.openings{phase="prover"}:prover.openings.whir{phase="prover"}:merkle_tree: openvm_cuda_common::memory_manager: GPU mem: used=+64.0 MiB, current=8.3 GiB, peak=9.9 GiB, in pool=26.5 GiB (prover.merkle_tree)
2026-07-29T08:14:39.216620Z  INFO stark_prove_excluding_trace{phase="prover"}:prover.openings{phase="prover"}:prover.openings.whir{phase="prover"}:rs_code_matrix: openvm_cuda_common::memory_manager: GPU mem: used=+5.4 GiB, current=13.7 GiB, peak=13.7 GiB, in pool=26.5 GiB (prover.rs_code_matrix)
2026-07-29T08:14:39.216747Z  INFO stark_prove_excluding_trace{phase="prover"}:prover.openings{phase="prover"}:prover.openings.whir{phase="prover"}:rs_code_matrix: openvm_cuda_common::memory_manager: GPU mem: used=+128.0 MiB, current=11.1 GiB, peak=11.1 GiB, in pool=26.5 GiB (prover.rs_code_matrix)
2026-07-29T08:14:39.272016Z  INFO stark_prove_excluding_trace{phase="prover"}:prover.openings{phase="prover"}:prover.openings.whir{phase="prover"}: openvm_cuda_common::memory_manager: GPU mem: used=+3.0 GiB, current=11.0 GiB, peak=11.1 GiB, in pool=26.5 GiB (prover.prove_whir_opening:after_initial_whir_round)
2026-07-29T08:14:39.279789Z  INFO stark_prove_excluding_trace{phase="prover"}:prover.openings{phase="prover"}:prover.openings.whir{phase="prover"}:merkle_tree: openvm_cuda_common::memory_manager: GPU mem: used=+32.0 MiB, current=5.6 GiB, peak=11.1 GiB, in pool=26.5 GiB (prover.merkle_tree)
2026-07-29T08:14:39.285141Z  INFO stark_prove_excluding_trace{phase="prover"}:prover.openings{phase="prover"}:prover.openings.whir{phase="prover"}:merkle_tree: openvm_cuda_common::memory_manager: GPU mem: used=+16.0 MiB, current=5.3 GiB, peak=11.1 GiB, in pool=26.5 GiB (prover.merkle_tree)
2026-07-29T08:14:39.287742Z  INFO stark_prove_excluding_trace{phase="prover"}:prover.openings{phase="prover"}:prover.openings.whir{phase="prover"}: openvm_cuda_common::memory_manager: GPU mem: used=-2.9 GiB, current=5.1 GiB, peak=11.1 GiB, in pool=26.5 GiB (prover.prove_whir_opening)
2026-07-29T08:14:39.287796Z  INFO stark_prove_excluding_trace{phase="prover"}:prover.openings{phase="prover"}: openvm_cuda_common::memory_manager: GPU mem: used=+1.6 GiB, current=5.1 GiB, peak=5.1 GiB, in pool=26.5 GiB (prover.openings)
2026-07-29T08:14:39.288498Z  INFO edge_worker::provers::sharded_app_prover::real_impl: Coordinator-consumer: proved segment 13 (2577ms)
2026-07-29T08:14:39.288520Z  INFO edge_worker::provers::sharded_app_prover::real_impl: Coordinator-consumer: proving segment 15
2026-07-29T08:14:39.288523Z  INFO edge_worker::handlers: Streaming result 14 for proof repro-01 (worker_id=0)
2026-07-29T08:14:39.532110Z  INFO execute_metered: openvm_circuit::arch::execution_mode::metered::segment_ctx: overshoot: instret  318491000 | total memory (15.4 GiB) > max (15.0 GiB) | main (2.9 GiB) | interaction (12.5 GiB)
2026-07-29T08:14:39.532184Z  INFO execute_metered: openvm_circuit::arch::execution_mode::metered::segment_ctx: Segment  20 | instret  303097000 | 15393000 instructions | 14.9 GiB memory (2.8 GiB, 12.1 GiB) |  286248990 interactions |  8388608 max height (VmAirWrapper<Rv32BaseAluAdapterAir, BaseAluCoreAir<4, 8>) | 80.51% memory util
2026-07-29T08:14:39.532355Z  INFO edge_worker::provers::sharded_app_prover::real_impl: Executor (parallel): sending segment 20 for proving
2026-07-29T08:14:39.577972Z  INFO vm.transport_init_memory:set_initial_memory: openvm_cuda_common::memory_manager: GPU mem: used=+4.5 GiB, current=9.6 GiB, peak=9.6 GiB, in pool=26.5 GiB (set initial memory)
2026-07-29T08:14:39.672007Z  INFO trace_gen:system_trace_gen:generate_proving_ctxs: openvm_cuda_common::memory_manager: GPU mem: used=+2.5 MiB, current=9.6 GiB, peak=9.6 GiB, in pool=26.5 GiB (generate mem proving ctxs:merkle update)
2026-07-29T08:14:39.673434Z  INFO trace_gen:system_trace_gen:generate_proving_ctxs: openvm_cuda_common::memory_manager: GPU mem: used=+3.6 MiB, current=9.6 GiB, peak=9.6 GiB, in pool=26.5 GiB (generate mem proving ctxs:boundary tracegen)
2026-07-29T08:14:39.673453Z  INFO trace_gen:system_trace_gen:generate_proving_ctxs: openvm_cuda_common::memory_manager: GPU mem: used=+4.9 MiB, current=9.6 GiB, peak=9.6 GiB, in pool=26.5 GiB (generate mem proving ctxs:dropping merkle tree)
2026-07-29T08:14:39.673555Z  INFO trace_gen:system_trace_gen:generate_proving_ctxs: openvm_cuda_common::memory_manager: GPU mem: used=-4.5 GiB, current=5.1 GiB, peak=9.6 GiB, in pool=26.5 GiB (generate mem proving ctxs)
2026-07-29T08:14:40.185102Z  INFO stark_prove_excluding_trace{phase="prover"}: openvm_stark_backend::prover: num_airs_present=21
2026-07-29T08:14:40.185164Z  INFO stark_prove_excluding_trace{phase="prover"}:prover.main_trace_commit{phase="prover"}:prover.commit{phase="prover"}:stacked_commit: openvm_cuda_common::memory_manager: GPU mem: used=+0 B, current=7.8 GiB, peak=9.6 GiB, in pool=26.5 GiB (prover.stacked_commit:before stacked_commit)
2026-07-29T08:14:40.185228Z  INFO stark_prove_excluding_trace{phase="prover"}:prover.main_trace_commit{phase="prover"}:prover.commit{phase="prover"}:stacked_commit: openvm_cuda_backend::stacked_pcs: stacked_matrix_dimensions height=16777216 width=43
2026-07-29T08:14:40.185901Z  INFO stark_prove_excluding_trace{phase="prover"}:prover.main_trace_commit{phase="prover"}:prover.commit{phase="prover"}:stacked_commit:rs_code_matrix: openvm_cuda_common::memory_manager: GPU mem: used=+5.4 GiB, current=13.2 GiB, peak=13.2 GiB, in pool=26.5 GiB (prover.rs_code_matrix)
2026-07-29T08:14:40.285830Z  INFO stark_prove_excluding_trace{phase="prover"}:prover.main_trace_commit{phase="prover"}:prover.commit{phase="prover"}:stacked_commit:merkle_tree: openvm_cuda_common::memory_manager: GPU mem: used=-5.3 GiB, current=8.0 GiB, peak=13.3 GiB, in pool=26.5 GiB (prover.merkle_tree)
2026-07-29T08:14:40.285886Z  INFO stark_prove_excluding_trace{phase="prover"}:prover.main_trace_commit{phase="prover"}:prover.commit{phase="prover"}:stacked_commit: openvm_cuda_common::memory_manager: GPU mem: used=+128.0 MiB, current=8.0 GiB, peak=13.3 GiB, in pool=26.5 GiB (prover.stacked_commit)
2026-07-29T08:14:40.285928Z  INFO stark_prove_excluding_trace{phase="prover"}:prover.main_trace_commit{phase="prover"}: openvm_stark_backend::prover::metrics: total_trace_cells = 730_150_412 (excluding preprocessed)
2026-07-29T08:14:40.285934Z  INFO stark_prove_excluding_trace{phase="prover"}:prover.main_trace_commit{phase="prover"}: openvm_stark_backend::prover::metrics: preprocessed_trace_cells = 0
2026-07-29T08:14:40.285937Z  INFO stark_prove_excluding_trace{phase="prover"}:prover.main_trace_commit{phase="prover"}: openvm_stark_backend::prover::metrics: main_trace_cells = 730_150_412
2026-07-29T08:14:40.286270Z  INFO stark_prove_excluding_trace{phase="prover"}:prover.rap_constraints{phase="prover"}:prove_zerocheck_and_logup_gpu:prover.rap_constraints.logup_gkr{phase="prover"}: openvm_cuda_backend::logup_zerocheck: n_global=25 n_logup=25
2026-07-29T08:14:40.383515Z  INFO stark_prove_excluding_trace{phase="prover"}:prover.rap_constraints{phase="prover"}:prove_zerocheck_and_logup_gpu:prover.rap_constraints.logup_gkr{phase="prover"}:fractional_sumcheck_gpu: openvm_cuda_common::memory_manager: GPU mem: used=+10.8 GiB, current=18.8 GiB, peak=18.9 GiB, in pool=26.5 GiB (prover.logup_zerocheck_prover:fractional_sumcheck_gkr: after building segment tree)
2026-07-29T08:14:40.417117Z  INFO trace_gen:system_trace_gen:generate_proving_ctxs: openvm_cuda_common::memory_manager: GPU mem: used=-61.6 MiB, current=18.8 GiB, peak=18.9 GiB, in pool=26.5 GiB (generate mem proving ctxs:merkle update)
2026-07-29T08:14:40.476348Z  INFO trace_gen:system_trace_gen:generate_proving_ctxs: openvm_cuda_common::memory_manager: GPU mem: used=+979.6 MiB, current=19.8 GiB, peak=19.8 GiB, in pool=26.5 GiB (generate mem proving ctxs:boundary tracegen)
2026-07-29T08:14:40.476422Z  INFO trace_gen:system_trace_gen:generate_proving_ctxs: openvm_cuda_common::memory_manager: GPU mem: used=+980.9 MiB, current=19.8 GiB, peak=19.8 GiB, in pool=26.5 GiB (generate mem proving ctxs:dropping merkle tree)
2026-07-29T08:14:40.476543Z  INFO trace_gen:system_trace_gen:generate_proving_ctxs: openvm_cuda_common::memory_manager: GPU mem: used=-3.5 GiB, current=15.3 GiB, peak=19.8 GiB, in pool=26.5 GiB (generate mem proving ctxs)
2026-07-29T08:14:40.731758Z  INFO stark_prove_excluding_trace{phase="prover"}:prover.rap_constraints{phase="prover"}:prove_zerocheck_and_logup_gpu:prover.rap_constraints.logup_gkr{phase="prover"}:fractional_sumcheck_gpu: openvm_cuda_common::memory_manager: GPU mem: used=+8.8 GiB, current=16.7 GiB, peak=19.8 GiB, in pool=26.5 GiB (prover.logup_zerocheck_prover:after_fractional_sumcheck_gkr)
2026-07-29T08:14:40.980556Z  INFO stark_prove_excluding_trace{phase="prover"}: openvm_stark_backend::prover: num_airs_present=21
2026-07-29T08:14:40.980602Z  INFO stark_prove_excluding_trace{phase="prover"}:prover.main_trace_commit{phase="prover"}:prover.commit{phase="prover"}:stacked_commit: openvm_cuda_common::memory_manager: GPU mem: used=+0 B, current=6.3 GiB, peak=7.0 GiB, in pool=26.5 GiB (prover.stacked_commit:before stacked_commit)
2026-07-29T08:14:40.980639Z  INFO stark_prove_excluding_trace{phase="prover"}:prover.main_trace_commit{phase="prover"}:prover.commit{phase="prover"}:stacked_commit: openvm_cuda_backend::stacked_pcs: stacked_matrix_dimensions height=16777216 width=43
2026-07-29T08:14:40.981290Z  INFO stark_prove_excluding_trace{phase="prover"}:prover.main_trace_commit{phase="prover"}:prover.commit{phase="prover"}:stacked_commit:rs_code_matrix: openvm_cuda_common::memory_manager: GPU mem: used=+5.4 GiB, current=11.6 GiB, peak=11.6 GiB, in pool=26.5 GiB (prover.rs_code_matrix)
2026-07-29T08:14:41.101895Z  INFO stark_prove_excluding_trace{phase="prover"}:prover.main_trace_commit{phase="prover"}:prover.commit{phase="prover"}:stacked_commit:merkle_tree: openvm_cuda_common::memory_manager: GPU mem: used=-5.3 GiB, current=6.4 GiB, peak=11.7 GiB, in pool=26.5 GiB (prover.merkle_tree)
2026-07-29T08:14:41.101963Z  INFO stark_prove_excluding_trace{phase="prover"}:prover.main_trace_commit{phase="prover"}:prover.commit{phase="prover"}:stacked_commit: openvm_cuda_common::memory_manager: GPU mem: used=+128.0 MiB, current=6.4 GiB, peak=11.7 GiB, in pool=26.5 GiB (prover.stacked_commit)
2026-07-29T08:14:41.102000Z  INFO stark_prove_excluding_trace{phase="prover"}:prover.main_trace_commit{phase="prover"}: openvm_stark_backend::prover::metrics: total_trace_cells = 730_150_412 (excluding preprocessed)
2026-07-29T08:14:41.102007Z  INFO stark_prove_excluding_trace{phase="prover"}:prover.main_trace_commit{phase="prover"}: openvm_stark_backend::prover::metrics: preprocessed_trace_cells = 0
2026-07-29T08:14:41.102011Z  INFO stark_prove_excluding_trace{phase="prover"}:prover.main_trace_commit{phase="prover"}: openvm_stark_backend::prover::metrics: main_trace_cells = 730_150_412
2026-07-29T08:14:41.104910Z  INFO stark_prove_excluding_trace{phase="prover"}:prover.rap_constraints{phase="prover"}:prove_zerocheck_and_logup_gpu:prover.rap_constraints.logup_gkr{phase="prover"}: openvm_cuda_backend::logup_zerocheck: n_global=25 n_logup=25
2026-07-29T08:14:41.145652Z  INFO stark_prove_excluding_trace{phase="prover"}:prover.rap_constraints{phase="prover"}:prove_zerocheck_and_logup_gpu:prover.rap_constraints.logup_gkr{phase="prover"}:fractional_sumcheck_gpu: openvm_cuda_common::memory_manager: GPU mem: used=+11.0 GiB, current=17.4 GiB, peak=17.4 GiB, in pool=26.5 GiB (prover.logup_zerocheck_prover:fractional_sumcheck_gkr: after building segment tree)
2026-07-29T08:14:41.275857Z  INFO stark_prove_excluding_trace{phase="prover"}:prover.rap_constraints{phase="prover"}:prove_zerocheck_and_logup_gpu:prover.rap_constraints.mle_rounds{phase="prover"}: openvm_cuda_common::memory_manager: GPU mem: used=+10.2 GiB, current=18.2 GiB, peak=20.5 GiB, in pool=26.5 GiB (prover.logup_zerocheck_prover)
2026-07-29T08:14:41.276788Z  INFO stark_prove_excluding_trace{phase="prover"}:prover.rap_constraints{phase="prover"}: openvm_cuda_common::memory_manager: GPU mem: used=+10.2 GiB, current=18.2 GiB, peak=20.5 GiB, in pool=26.5 GiB (prover.rap_constraints)
2026-07-29T08:14:41.314351Z  INFO stark_prove_excluding_trace{phase="prover"}:prover.openings{phase="prover"}:prover.openings.stacked_reduction{phase="prover"}:prover.openings.stacked_reduction.round0{phase="prover"}: openvm_cuda_common::memory_manager: GPU mem: used=+881.1 MiB, current=19.0 GiB, peak=19.0 GiB, in pool=26.5 GiB (prover.stacked_reduction_new:stacked_reduction_sumcheck round 0)
2026-07-29T08:14:41.366132Z  INFO stark_prove_excluding_trace{phase="prover"}:prover.rap_constraints{phase="prover"}:prove_zerocheck_and_logup_gpu:prover.rap_constraints.logup_gkr{phase="prover"}:fractional_sumcheck_gpu: openvm_cuda_common::memory_manager: GPU mem: used=+12.7 GiB, current=19.0 GiB, peak=20.1 GiB, in pool=26.5 GiB (prover.logup_zerocheck_prover:after_fractional_sumcheck_gkr)
2026-07-29T08:14:41.371496Z  INFO stark_prove_excluding_trace{phase="prover"}:prover.openings{phase="prover"}:prover.openings.stacked_reduction{phase="prover"}: openvm_cuda_common::memory_manager: GPU mem: used=-11.8 GiB, current=6.4 GiB, peak=7.2 GiB, in pool=26.5 GiB (prover.stacked_reduction_new)
2026-07-29T08:14:41.373737Z  INFO stark_prove_excluding_trace{phase="prover"}:prover.openings{phase="prover"}:prover.openings.whir{phase="prover"}: openvm_cuda_common::memory_manager: GPU mem: used=+516.5 MiB, current=6.9 GiB, peak=7.2 GiB, in pool=26.5 GiB (prover.prove_whir_opening:before_whir_rounds)
2026-07-29T08:14:41.452600Z  INFO stark_prove_excluding_trace{phase="prover"}:prover.openings{phase="prover"}:prover.openings.whir{phase="prover"}:merkle_tree: openvm_cuda_common::memory_manager: GPU mem: used=+64.0 MiB, current=6.7 GiB, peak=7.6 GiB, in pool=26.5 GiB (prover.merkle_tree)
2026-07-29T08:14:41.456519Z  INFO stark_prove_excluding_trace{phase="prover"}:prover.openings{phase="prover"}:prover.openings.whir{phase="prover"}:rs_code_matrix: openvm_cuda_common::memory_manager: GPU mem: used=+5.4 GiB, current=12.1 GiB, peak=12.1 GiB, in pool=26.5 GiB (prover.rs_code_matrix)
2026-07-29T08:14:41.464657Z  INFO stark_prove_excluding_trace{phase="prover"}:prover.openings{phase="prover"}:prover.openings.whir{phase="prover"}:rs_code_matrix: openvm_cuda_common::memory_manager: GPU mem: used=+128.0 MiB, current=9.5 GiB, peak=9.5 GiB, in pool=26.5 GiB (prover.rs_code_matrix)
2026-07-29T08:14:41.520524Z  INFO stark_prove_excluding_trace{phase="prover"}:prover.openings{phase="prover"}:prover.openings.whir{phase="prover"}: openvm_cuda_common::memory_manager: GPU mem: used=+3.0 GiB, current=9.4 GiB, peak=9.7 GiB, in pool=26.5 GiB (prover.prove_whir_opening:after_initial_whir_round)
2026-07-29T08:14:41.535087Z  INFO stark_prove_excluding_trace{phase="prover"}:prover.openings{phase="prover"}:prover.openings.whir{phase="prover"}:merkle_tree: openvm_cuda_common::memory_manager: GPU mem: used=-82.0 MiB, current=4.0 GiB, peak=9.7 GiB, in pool=26.5 GiB (prover.merkle_tree)
2026-07-29T08:14:41.539510Z  INFO stark_prove_excluding_trace{phase="prover"}:prover.openings{phase="prover"}:prover.openings.whir{phase="prover"}:merkle_tree: openvm_cuda_common::memory_manager: GPU mem: used=+16.0 MiB, current=3.8 GiB, peak=9.7 GiB, in pool=26.5 GiB (prover.merkle_tree)
2026-07-29T08:14:41.543891Z  INFO stark_prove_excluding_trace{phase="prover"}:prover.openings{phase="prover"}:prover.openings.whir{phase="prover"}: openvm_cuda_common::memory_manager: GPU mem: used=-2.8 GiB, current=3.5 GiB, peak=9.7 GiB, in pool=26.5 GiB (prover.prove_whir_opening)
2026-07-29T08:14:41.543987Z  INFO stark_prove_excluding_trace{phase="prover"}:prover.openings{phase="prover"}: openvm_cuda_common::memory_manager: GPU mem: used=-14.7 GiB, current=3.5 GiB, peak=3.5 GiB, in pool=26.5 GiB (prover.openings)
2026-07-29T08:14:41.544009Z  INFO edge_worker::provers::sharded_app_prover::real_impl: Consumer: proved segment 14 (2694ms)
2026-07-29T08:14:41.544741Z  INFO edge_worker::provers::sharded_app_prover::real_impl: Consumer: proving segment 16
2026-07-29T08:14:41.546170Z  INFO edge_worker::handlers: Streaming result 15 for proof repro-01 (worker_id=0)
2026-07-29T08:14:41.804048Z  INFO execute_metered: openvm_circuit::arch::execution_mode::metered::segment_ctx: overshoot: instret  333886000 | total memory (15.4 GiB) > max (15.0 GiB) | main (2.9 GiB) | interaction (12.5 GiB)
2026-07-29T08:14:41.804198Z  INFO execute_metered: openvm_circuit::arch::execution_mode::metered::segment_ctx: Segment  21 | instret  318490000 | 15395000 instructions | 14.9 GiB memory (2.8 GiB, 12.1 GiB) |  286286692 interactions |  8388608 max height (VmAirWrapper<Rv32BaseAluAdapterAir, BaseAluCoreAir<4, 8>) | 80.52% memory util
2026-07-29T08:14:41.804403Z  INFO edge_worker::provers::sharded_app_prover::real_impl: Executor (parallel): sending segment 21 for proving
2026-07-29T08:14:41.874672Z  INFO vm.transport_init_memory:set_initial_memory: openvm_cuda_common::memory_manager: GPU mem: used=+4.2 GiB, current=10.0 GiB, peak=10.0 GiB, in pool=26.5 GiB (set initial memory)
2026-07-29T08:14:41.908082Z  INFO stark_prove_excluding_trace{phase="prover"}:prover.rap_constraints{phase="prover"}:prove_zerocheck_and_logup_gpu:prover.rap_constraints.mle_rounds{phase="prover"}: openvm_cuda_common::memory_manager: GPU mem: used=+1.6 GiB, current=8.0 GiB, peak=10.0 GiB, in pool=26.5 GiB (prover.logup_zerocheck_prover)
2026-07-29T08:14:41.909388Z  INFO stark_prove_excluding_trace{phase="prover"}:prover.rap_constraints{phase="prover"}: openvm_cuda_common::memory_manager: GPU mem: used=+1.6 GiB, current=8.0 GiB, peak=10.0 GiB, in pool=26.5 GiB (prover.rap_constraints)
2026-07-29T08:14:41.923959Z  INFO stark_prove_excluding_trace{phase="prover"}:prover.openings{phase="prover"}:prover.openings.stacked_reduction{phase="prover"}:prover.openings.stacked_reduction.round0{phase="prover"}: openvm_cuda_common::memory_manager: GPU mem: used=+880.1 MiB, current=8.8 GiB, peak=8.8 GiB, in pool=26.5 GiB (prover.stacked_reduction_new:stacked_reduction_sumcheck round 0)
2026-07-29T08:14:41.934785Z  INFO stark_prove_excluding_trace{phase="prover"}:prover.openings{phase="prover"}:prover.openings.stacked_reduction{phase="prover"}: openvm_cuda_common::memory_manager: GPU mem: used=+0 B, current=8.0 GiB, peak=9.9 GiB, in pool=26.5 GiB (prover.stacked_reduction_new)
2026-07-29T08:14:41.935078Z  INFO stark_prove_excluding_trace{phase="prover"}:prover.openings{phase="prover"}:prover.openings.whir{phase="prover"}: openvm_cuda_common::memory_manager: GPU mem: used=+512.0 MiB, current=8.5 GiB, peak=9.9 GiB, in pool=26.5 GiB (prover.prove_whir_opening:before_whir_rounds)
2026-07-29T08:14:41.952889Z  INFO stark_prove_excluding_trace{phase="prover"}:prover.openings{phase="prover"}:prover.openings.whir{phase="prover"}:merkle_tree: openvm_cuda_common::memory_manager: GPU mem: used=+64.0 MiB, current=8.3 GiB, peak=9.9 GiB, in pool=26.5 GiB (prover.merkle_tree)
2026-07-29T08:14:41.956827Z  INFO stark_prove_excluding_trace{phase="prover"}:prover.openings{phase="prover"}:prover.openings.whir{phase="prover"}:rs_code_matrix: openvm_cuda_common::memory_manager: GPU mem: used=+5.4 GiB, current=13.7 GiB, peak=13.7 GiB, in pool=26.5 GiB (prover.rs_code_matrix)
2026-07-29T08:14:41.956978Z  INFO stark_prove_excluding_trace{phase="prover"}:prover.openings{phase="prover"}:prover.openings.whir{phase="prover"}:rs_code_matrix: openvm_cuda_common::memory_manager: GPU mem: used=+128.0 MiB, current=11.1 GiB, peak=11.1 GiB, in pool=26.5 GiB (prover.rs_code_matrix)
2026-07-29T08:14:42.011876Z  INFO stark_prove_excluding_trace{phase="prover"}:prover.openings{phase="prover"}:prover.openings.whir{phase="prover"}: openvm_cuda_common::memory_manager: GPU mem: used=+3.0 GiB, current=11.0 GiB, peak=11.1 GiB, in pool=26.5 GiB (prover.prove_whir_opening:after_initial_whir_round)
2026-07-29T08:14:42.019608Z  INFO stark_prove_excluding_trace{phase="prover"}:prover.openings{phase="prover"}:prover.openings.whir{phase="prover"}:merkle_tree: openvm_cuda_common::memory_manager: GPU mem: used=+32.0 MiB, current=5.6 GiB, peak=11.1 GiB, in pool=26.5 GiB (prover.merkle_tree)
2026-07-29T08:14:42.023947Z  INFO stark_prove_excluding_trace{phase="prover"}:prover.openings{phase="prover"}:prover.openings.whir{phase="prover"}:merkle_tree: openvm_cuda_common::memory_manager: GPU mem: used=+16.0 MiB, current=5.3 GiB, peak=11.1 GiB, in pool=26.5 GiB (prover.merkle_tree)
2026-07-29T08:14:42.026314Z  INFO stark_prove_excluding_trace{phase="prover"}:prover.openings{phase="prover"}:prover.openings.whir{phase="prover"}: openvm_cuda_common::memory_manager: GPU mem: used=-2.9 GiB, current=5.1 GiB, peak=11.1 GiB, in pool=26.5 GiB (prover.prove_whir_opening)
2026-07-29T08:14:42.026348Z  INFO stark_prove_excluding_trace{phase="prover"}:prover.openings{phase="prover"}: openvm_cuda_common::memory_manager: GPU mem: used=-2.9 GiB, current=5.1 GiB, peak=5.1 GiB, in pool=26.5 GiB (prover.openings)
2026-07-29T08:14:42.027094Z  INFO edge_worker::provers::sharded_app_prover::real_impl: Coordinator-consumer: proved segment 15 (2737ms)
2026-07-29T08:14:42.027123Z  INFO edge_worker::provers::sharded_app_prover::real_impl: Coordinator-consumer: proving segment 17
2026-07-29T08:14:42.027126Z  INFO edge_worker::handlers: Streaming result 16 for proof repro-01 (worker_id=0)
2026-07-29T08:14:42.321147Z  INFO execute_metered: openvm_circuit::arch::execution_mode::metered::segment_ctx: overshoot: instret  349279000 | total memory (15.4 GiB) > max (15.0 GiB) | main (2.9 GiB) | interaction (12.5 GiB)
2026-07-29T08:14:42.321216Z  INFO execute_metered: openvm_circuit::arch::execution_mode::metered::segment_ctx: Segment  22 | instret  333885000 | 15393000 instructions | 14.9 GiB memory (2.8 GiB, 12.1 GiB) |  286249261 interactions |  8388608 max height (VmAirWrapper<Rv32BaseAluAdapterAir, BaseAluCoreAir<4, 8>) | 80.51% memory util
2026-07-29T08:14:42.321379Z  INFO edge_worker::provers::sharded_app_prover::real_impl: Executor (parallel): sending segment 22 for proving
2026-07-29T08:14:42.321676Z  INFO vm.transport_init_memory:set_initial_memory: openvm_cuda_common::memory_manager: GPU mem: used=+4.5 GiB, current=9.6 GiB, peak=9.6 GiB, in pool=26.5 GiB (set initial memory)
2026-07-29T08:14:42.692252Z  INFO trace_gen:system_trace_gen:generate_proving_ctxs: openvm_cuda_common::memory_manager: GPU mem: used=+2.5 MiB, current=9.6 GiB, peak=9.6 GiB, in pool=26.5 GiB (generate mem proving ctxs:merkle update)
2026-07-29T08:14:42.693799Z  INFO trace_gen:system_trace_gen:generate_proving_ctxs: openvm_cuda_common::memory_manager: GPU mem: used=+3.6 MiB, current=9.6 GiB, peak=9.6 GiB, in pool=26.5 GiB (generate mem proving ctxs:boundary tracegen)
2026-07-29T08:14:42.693873Z  INFO trace_gen:system_trace_gen:generate_proving_ctxs: openvm_cuda_common::memory_manager: GPU mem: used=+4.9 MiB, current=9.6 GiB, peak=9.6 GiB, in pool=26.5 GiB (generate mem proving ctxs:dropping merkle tree)
2026-07-29T08:14:42.693983Z  INFO trace_gen:system_trace_gen:generate_proving_ctxs: openvm_cuda_common::memory_manager: GPU mem: used=-4.5 GiB, current=5.1 GiB, peak=9.6 GiB, in pool=26.5 GiB (generate mem proving ctxs)
2026-07-29T08:14:43.170293Z  INFO stark_prove_excluding_trace{phase="prover"}: openvm_stark_backend::prover: num_airs_present=21
2026-07-29T08:14:43.170349Z  INFO stark_prove_excluding_trace{phase="prover"}:prover.main_trace_commit{phase="prover"}:prover.commit{phase="prover"}:stacked_commit: openvm_cuda_common::memory_manager: GPU mem: used=+0 B, current=7.8 GiB, peak=9.6 GiB, in pool=26.5 GiB (prover.stacked_commit:before stacked_commit)
2026-07-29T08:14:43.170423Z  INFO stark_prove_excluding_trace{phase="prover"}:prover.main_trace_commit{phase="prover"}:prover.commit{phase="prover"}:stacked_commit: openvm_cuda_backend::stacked_pcs: stacked_matrix_dimensions height=16777216 width=43
2026-07-29T08:14:43.171082Z  INFO stark_prove_excluding_trace{phase="prover"}:prover.main_trace_commit{phase="prover"}:prover.commit{phase="prover"}:stacked_commit:rs_code_matrix: openvm_cuda_common::memory_manager: GPU mem: used=+5.4 GiB, current=13.2 GiB, peak=13.2 GiB, in pool=26.5 GiB (prover.rs_code_matrix)
2026-07-29T08:14:43.270751Z  INFO stark_prove_excluding_trace{phase="prover"}:prover.main_trace_commit{phase="prover"}:prover.commit{phase="prover"}:stacked_commit:merkle_tree: openvm_cuda_common::memory_manager: GPU mem: used=-5.3 GiB, current=8.0 GiB, peak=13.3 GiB, in pool=26.5 GiB (prover.merkle_tree)
2026-07-29T08:14:43.270825Z  INFO stark_prove_excluding_trace{phase="prover"}:prover.main_trace_commit{phase="prover"}:prover.commit{phase="prover"}:stacked_commit: openvm_cuda_common::memory_manager: GPU mem: used=+128.0 MiB, current=8.0 GiB, peak=13.3 GiB, in pool=26.5 GiB (prover.stacked_commit)
2026-07-29T08:14:43.270856Z  INFO stark_prove_excluding_trace{phase="prover"}:prover.main_trace_commit{phase="prover"}: openvm_stark_backend::prover::metrics: total_trace_cells = 730_150_412 (excluding preprocessed)
2026-07-29T08:14:43.270866Z  INFO stark_prove_excluding_trace{phase="prover"}:prover.main_trace_commit{phase="prover"}: openvm_stark_backend::prover::metrics: preprocessed_trace_cells = 0
2026-07-29T08:14:43.270869Z  INFO stark_prove_excluding_trace{phase="prover"}:prover.main_trace_commit{phase="prover"}: openvm_stark_backend::prover::metrics: main_trace_cells = 730_150_412
2026-07-29T08:14:43.271376Z  INFO stark_prove_excluding_trace{phase="prover"}:prover.rap_constraints{phase="prover"}:prove_zerocheck_and_logup_gpu:prover.rap_constraints.logup_gkr{phase="prover"}: openvm_cuda_backend::logup_zerocheck: n_global=25 n_logup=25
2026-07-29T08:14:43.272212Z  INFO stark_prove_excluding_trace{phase="prover"}:prover.rap_constraints{phase="prover"}:prove_zerocheck_and_logup_gpu:prover.rap_constraints.logup_gkr{phase="prover"}:fractional_sumcheck_gpu: openvm_cuda_common::memory_manager: GPU mem: used=+10.8 GiB, current=18.8 GiB, peak=18.9 GiB, in pool=26.5 GiB (prover.logup_zerocheck_prover:fractional_sumcheck_gkr: after building segment tree)
2026-07-29T08:14:43.317219Z  INFO trace_gen:system_trace_gen:generate_proving_ctxs: openvm_cuda_common::memory_manager: GPU mem: used=+2.5 MiB, current=18.8 GiB, peak=18.9 GiB, in pool=26.5 GiB (generate mem proving ctxs:merkle update)
2026-07-29T08:14:43.371684Z  INFO trace_gen:system_trace_gen:generate_proving_ctxs: openvm_cuda_common::memory_manager: GPU mem: used=+3.6 MiB, current=18.8 GiB, peak=18.9 GiB, in pool=26.5 GiB (generate mem proving ctxs:boundary tracegen)
2026-07-29T08:14:43.371810Z  INFO trace_gen:system_trace_gen:generate_proving_ctxs: openvm_cuda_common::memory_manager: GPU mem: used=+4.9 MiB, current=18.8 GiB, peak=18.9 GiB, in pool=26.5 GiB (generate mem proving ctxs:dropping merkle tree)
2026-07-29T08:14:43.371928Z  INFO trace_gen:system_trace_gen:generate_proving_ctxs: openvm_cuda_common::memory_manager: GPU mem: used=-4.5 GiB, current=14.3 GiB, peak=18.9 GiB, in pool=26.5 GiB (generate mem proving ctxs)
2026-07-29T08:14:43.565970Z  INFO stark_prove_excluding_trace{phase="prover"}:prover.rap_constraints{phase="prover"}:prove_zerocheck_and_logup_gpu:prover.rap_constraints.logup_gkr{phase="prover"}:fractional_sumcheck_gpu: openvm_cuda_common::memory_manager: GPU mem: used=+8.6 GiB, current=16.5 GiB, peak=18.9 GiB, in pool=26.5 GiB (prover.logup_zerocheck_prover:after_fractional_sumcheck_gkr)
2026-07-29T08:14:43.828358Z  INFO stark_prove_excluding_trace{phase="prover"}: openvm_stark_backend::prover: num_airs_present=21
2026-07-29T08:14:43.828409Z  INFO stark_prove_excluding_trace{phase="prover"}:prover.main_trace_commit{phase="prover"}:prover.commit{phase="prover"}:stacked_commit: openvm_cuda_common::memory_manager: GPU mem: used=+0 B, current=6.3 GiB, peak=7.4 GiB, in pool=26.5 GiB (prover.stacked_commit:before stacked_commit)
2026-07-29T08:14:43.828474Z  INFO stark_prove_excluding_trace{phase="prover"}:prover.main_trace_commit{phase="prover"}:prover.commit{phase="prover"}:stacked_commit: openvm_cuda_backend::stacked_pcs: stacked_matrix_dimensions height=16777216 width=43
2026-07-29T08:14:43.829181Z  INFO stark_prove_excluding_trace{phase="prover"}:prover.main_trace_commit{phase="prover"}:prover.commit{phase="prover"}:stacked_commit:rs_code_matrix: openvm_cuda_common::memory_manager: GPU mem: used=+5.4 GiB, current=11.6 GiB, peak=11.6 GiB, in pool=26.5 GiB (prover.rs_code_matrix)
2026-07-29T08:14:43.935807Z  INFO stark_prove_excluding_trace{phase="prover"}:prover.main_trace_commit{phase="prover"}:prover.commit{phase="prover"}:stacked_commit:merkle_tree: openvm_cuda_common::memory_manager: GPU mem: used=-5.3 GiB, current=6.4 GiB, peak=11.7 GiB, in pool=26.5 GiB (prover.merkle_tree)
2026-07-29T08:14:43.935866Z  INFO stark_prove_excluding_trace{phase="prover"}:prover.main_trace_commit{phase="prover"}:prover.commit{phase="prover"}:stacked_commit: openvm_cuda_common::memory_manager: GPU mem: used=+128.0 MiB, current=6.4 GiB, peak=11.7 GiB, in pool=26.5 GiB (prover.stacked_commit)
2026-07-29T08:14:43.935890Z  INFO stark_prove_excluding_trace{phase="prover"}:prover.main_trace_commit{phase="prover"}: openvm_stark_backend::prover::metrics: total_trace_cells = 730_150_412 (excluding preprocessed)
2026-07-29T08:14:43.935895Z  INFO stark_prove_excluding_trace{phase="prover"}:prover.main_trace_commit{phase="prover"}: openvm_stark_backend::prover::metrics: preprocessed_trace_cells = 0
2026-07-29T08:14:43.935899Z  INFO stark_prove_excluding_trace{phase="prover"}:prover.main_trace_commit{phase="prover"}: openvm_stark_backend::prover::metrics: main_trace_cells = 730_150_412
2026-07-29T08:14:43.936892Z  INFO stark_prove_excluding_trace{phase="prover"}:prover.rap_constraints{phase="prover"}:prove_zerocheck_and_logup_gpu:prover.rap_constraints.logup_gkr{phase="prover"}: openvm_cuda_backend::logup_zerocheck: n_global=25 n_logup=25
2026-07-29T08:14:43.946700Z  INFO stark_prove_excluding_trace{phase="prover"}:prover.rap_constraints{phase="prover"}:prove_zerocheck_and_logup_gpu:prover.rap_constraints.logup_gkr{phase="prover"}:fractional_sumcheck_gpu: openvm_cuda_common::memory_manager: GPU mem: used=+10.8 GiB, current=17.2 GiB, peak=17.3 GiB, in pool=26.5 GiB (prover.logup_zerocheck_prover:fractional_sumcheck_gkr: after building segment tree)
2026-07-29T08:14:44.159363Z  INFO stark_prove_excluding_trace{phase="prover"}:prover.rap_constraints{phase="prover"}:prove_zerocheck_and_logup_gpu:prover.rap_constraints.mle_rounds{phase="prover"}: openvm_cuda_common::memory_manager: GPU mem: used=+10.2 GiB, current=18.2 GiB, peak=20.5 GiB, in pool=26.5 GiB (prover.logup_zerocheck_prover)
2026-07-29T08:14:44.160673Z  INFO stark_prove_excluding_trace{phase="prover"}:prover.rap_constraints{phase="prover"}: openvm_cuda_common::memory_manager: GPU mem: used=+10.2 GiB, current=18.2 GiB, peak=20.5 GiB, in pool=26.5 GiB (prover.rap_constraints)
2026-07-29T08:14:44.188485Z  INFO stark_prove_excluding_trace{phase="prover"}:prover.rap_constraints{phase="prover"}:prove_zerocheck_and_logup_gpu:prover.rap_constraints.logup_gkr{phase="prover"}:fractional_sumcheck_gpu: openvm_cuda_common::memory_manager: GPU mem: used=+12.7 GiB, current=19.0 GiB, peak=19.0 GiB, in pool=26.5 GiB (prover.logup_zerocheck_prover:after_fractional_sumcheck_gkr)
2026-07-29T08:14:44.192804Z  INFO stark_prove_excluding_trace{phase="prover"}:prover.openings{phase="prover"}:prover.openings.stacked_reduction{phase="prover"}:prover.openings.stacked_reduction.round0{phase="prover"}: openvm_cuda_common::memory_manager: GPU mem: used=-11.0 GiB, current=7.2 GiB, peak=7.2 GiB, in pool=26.5 GiB (prover.stacked_reduction_new:stacked_reduction_sumcheck round 0)
2026-07-29T08:14:44.281033Z  INFO stark_prove_excluding_trace{phase="prover"}:prover.openings{phase="prover"}:prover.openings.stacked_reduction{phase="prover"}: openvm_cuda_common::memory_manager: GPU mem: used=-11.8 GiB, current=6.4 GiB, peak=8.3 GiB, in pool=26.5 GiB (prover.stacked_reduction_new)
2026-07-29T08:14:44.281357Z  INFO stark_prove_excluding_trace{phase="prover"}:prover.openings{phase="prover"}:prover.openings.whir{phase="prover"}: openvm_cuda_common::memory_manager: GPU mem: used=+512.0 MiB, current=6.9 GiB, peak=8.3 GiB, in pool=26.5 GiB (prover.prove_whir_opening:before_whir_rounds)
2026-07-29T08:14:44.308795Z  INFO stark_prove_excluding_trace{phase="prover"}:prover.openings{phase="prover"}:prover.openings.whir{phase="prover"}:merkle_tree: openvm_cuda_common::memory_manager: GPU mem: used=+63.0 MiB, current=6.7 GiB, peak=8.3 GiB, in pool=26.5 GiB (prover.merkle_tree)
2026-07-29T08:14:44.312659Z  INFO stark_prove_excluding_trace{phase="prover"}:prover.openings{phase="prover"}:prover.openings.whir{phase="prover"}:rs_code_matrix: openvm_cuda_common::memory_manager: GPU mem: used=+5.4 GiB, current=12.1 GiB, peak=12.1 GiB, in pool=26.5 GiB (prover.rs_code_matrix)
2026-07-29T08:14:44.316083Z  INFO stark_prove_excluding_trace{phase="prover"}:prover.openings{phase="prover"}:prover.openings.whir{phase="prover"}:rs_code_matrix: openvm_cuda_common::memory_manager: GPU mem: used=+128.0 MiB, current=9.5 GiB, peak=9.5 GiB, in pool=26.5 GiB (prover.rs_code_matrix)
2026-07-29T08:14:44.372953Z  INFO stark_prove_excluding_trace{phase="prover"}:prover.openings{phase="prover"}:prover.openings.whir{phase="prover"}: openvm_cuda_common::memory_manager: GPU mem: used=+4.9 GiB, current=11.3 GiB, peak=11.3 GiB, in pool=26.5 GiB (prover.prove_whir_opening:after_initial_whir_round)
2026-07-29T08:14:44.386192Z  INFO stark_prove_excluding_trace{phase="prover"}:prover.openings{phase="prover"}:prover.openings.whir{phase="prover"}:merkle_tree: openvm_cuda_common::memory_manager: GPU mem: used=+342.6 MiB, current=6.3 GiB, peak=11.3 GiB, in pool=26.5 GiB (prover.merkle_tree)
2026-07-29T08:14:44.404204Z  INFO stark_prove_excluding_trace{phase="prover"}:prover.openings{phase="prover"}:prover.openings.whir{phase="prover"}:merkle_tree: openvm_cuda_common::memory_manager: GPU mem: used=-492.9 MiB, current=4.3 GiB, peak=11.3 GiB, in pool=26.5 GiB (prover.merkle_tree)
2026-07-29T08:14:44.412215Z  INFO stark_prove_excluding_trace{phase="prover"}:prover.openings{phase="prover"}:prover.openings.whir{phase="prover"}: openvm_cuda_common::memory_manager: GPU mem: used=-2.6 GiB, current=3.7 GiB, peak=11.3 GiB, in pool=26.5 GiB (prover.prove_whir_opening)
2026-07-29T08:14:44.412260Z  INFO stark_prove_excluding_trace{phase="prover"}:prover.openings{phase="prover"}: openvm_cuda_common::memory_manager: GPU mem: used=-14.4 GiB, current=3.7 GiB, peak=3.7 GiB, in pool=26.5 GiB (prover.openings)
2026-07-29T08:14:44.412275Z  INFO edge_worker::provers::sharded_app_prover::real_impl: Consumer: proved segment 16 (2867ms)
2026-07-29T08:14:44.412812Z  INFO edge_worker::provers::sharded_app_prover::real_impl: Consumer: proving segment 18
2026-07-29T08:14:44.412820Z  INFO edge_worker::handlers: Streaming result 17 for proof repro-01 (worker_id=0)
2026-07-29T08:14:44.421274Z  INFO stark_prove_excluding_trace{phase="prover"}:prover.rap_constraints{phase="prover"}:prove_zerocheck_and_logup_gpu:prover.rap_constraints.mle_rounds{phase="prover"}: openvm_cuda_common::memory_manager: GPU mem: used=-2.9 GiB, current=3.5 GiB, peak=3.7 GiB, in pool=26.5 GiB (prover.logup_zerocheck_prover)
2026-07-29T08:14:44.422248Z  INFO stark_prove_excluding_trace{phase="prover"}:prover.rap_constraints{phase="prover"}: openvm_cuda_common::memory_manager: GPU mem: used=-2.9 GiB, current=3.5 GiB, peak=3.7 GiB, in pool=26.5 GiB (prover.rap_constraints)
2026-07-29T08:14:44.440646Z  INFO stark_prove_excluding_trace{phase="prover"}:prover.openings{phase="prover"}:prover.openings.stacked_reduction{phase="prover"}:prover.openings.stacked_reduction.round0{phase="prover"}: openvm_cuda_common::memory_manager: GPU mem: used=+1.4 GiB, current=4.8 GiB, peak=4.8 GiB, in pool=26.5 GiB (prover.stacked_reduction_new:stacked_reduction_sumcheck round 0)
2026-07-29T08:14:44.686716Z  INFO execute_metered: openvm_circuit::arch::execution_mode::metered::segment_ctx: overshoot: instret  364672000 | total memory (15.4 GiB) > max (15.0 GiB) | main (2.9 GiB) | interaction (12.5 GiB)
2026-07-29T08:14:44.686770Z  INFO execute_metered: openvm_circuit::arch::execution_mode::metered::segment_ctx: Segment  23 | instret  349278000 | 15393000 instructions | 14.9 GiB memory (2.8 GiB, 12.1 GiB) |  286250490 interactions |  8388608 max height (VmAirWrapper<Rv32BaseAluAdapterAir, BaseAluCoreAir<4, 8>) | 80.51% memory util
2026-07-29T08:14:44.686971Z  INFO edge_worker::provers::sharded_app_prover::real_impl: Executor (parallel): sending segment 23 for proving
2026-07-29T08:14:44.738740Z  INFO vm.transport_init_memory:set_initial_memory: openvm_cuda_common::memory_manager: GPU mem: used=+4.9 GiB, current=9.2 GiB, peak=9.2 GiB, in pool=26.5 GiB (set initial memory)
2026-07-29T08:14:44.766307Z  INFO stark_prove_excluding_trace{phase="prover"}:prover.openings{phase="prover"}:prover.openings.stacked_reduction{phase="prover"}: openvm_cuda_common::memory_manager: GPU mem: used=+4.5 GiB, current=8.0 GiB, peak=9.4 GiB, in pool=26.5 GiB (prover.stacked_reduction_new)
2026-07-29T08:14:44.766567Z  INFO stark_prove_excluding_trace{phase="prover"}:prover.openings{phase="prover"}:prover.openings.whir{phase="prover"}: openvm_cuda_common::memory_manager: GPU mem: used=+512.0 MiB, current=8.5 GiB, peak=9.4 GiB, in pool=26.5 GiB (prover.prove_whir_opening:before_whir_rounds)
2026-07-29T08:14:44.784693Z  INFO stark_prove_excluding_trace{phase="prover"}:prover.openings{phase="prover"}:prover.openings.whir{phase="prover"}:merkle_tree: openvm_cuda_common::memory_manager: GPU mem: used=+64.0 MiB, current=8.3 GiB, peak=9.4 GiB, in pool=26.5 GiB (prover.merkle_tree)
2026-07-29T08:14:44.789285Z  INFO stark_prove_excluding_trace{phase="prover"}:prover.openings{phase="prover"}:prover.openings.whir{phase="prover"}:rs_code_matrix: openvm_cuda_common::memory_manager: GPU mem: used=+5.4 GiB, current=13.7 GiB, peak=13.7 GiB, in pool=26.5 GiB (prover.rs_code_matrix)
2026-07-29T08:14:44.789428Z  INFO stark_prove_excluding_trace{phase="prover"}:prover.openings{phase="prover"}:prover.openings.whir{phase="prover"}:rs_code_matrix: openvm_cuda_common::memory_manager: GPU mem: used=+128.0 MiB, current=11.1 GiB, peak=11.1 GiB, in pool=26.5 GiB (prover.rs_code_matrix)
2026-07-29T08:14:44.844348Z  INFO stark_prove_excluding_trace{phase="prover"}:prover.openings{phase="prover"}:prover.openings.whir{phase="prover"}: openvm_cuda_common::memory_manager: GPU mem: used=+3.0 GiB, current=11.0 GiB, peak=11.1 GiB, in pool=26.5 GiB (prover.prove_whir_opening:after_initial_whir_round)
2026-07-29T08:14:44.852326Z  INFO stark_prove_excluding_trace{phase="prover"}:prover.openings{phase="prover"}:prover.openings.whir{phase="prover"}:merkle_tree: openvm_cuda_common::memory_manager: GPU mem: used=+32.0 MiB, current=5.6 GiB, peak=11.1 GiB, in pool=26.5 GiB (prover.merkle_tree)
2026-07-29T08:14:44.856462Z  INFO stark_prove_excluding_trace{phase="prover"}:prover.openings{phase="prover"}:prover.openings.whir{phase="prover"}:merkle_tree: openvm_cuda_common::memory_manager: GPU mem: used=+16.0 MiB, current=5.3 GiB, peak=11.1 GiB, in pool=26.5 GiB (prover.merkle_tree)
2026-07-29T08:14:44.860121Z  INFO stark_prove_excluding_trace{phase="prover"}:prover.openings{phase="prover"}:prover.openings.whir{phase="prover"}: openvm_cuda_common::memory_manager: GPU mem: used=-2.9 GiB, current=5.1 GiB, peak=11.1 GiB, in pool=26.5 GiB (prover.prove_whir_opening)
2026-07-29T08:14:44.860231Z  INFO stark_prove_excluding_trace{phase="prover"}:prover.openings{phase="prover"}: openvm_cuda_common::memory_manager: GPU mem: used=+1.6 GiB, current=5.1 GiB, peak=5.1 GiB, in pool=26.5 GiB (prover.openings)
2026-07-29T08:14:44.861053Z  INFO edge_worker::provers::sharded_app_prover::real_impl: Coordinator-consumer: proved segment 17 (2833ms)
2026-07-29T08:14:44.861127Z  INFO edge_worker::provers::sharded_app_prover::real_impl: Coordinator-consumer: proving segment 19
2026-07-29T08:14:44.861133Z  INFO edge_worker::handlers: Streaming result 18 for proof repro-01 (worker_id=0)
2026-07-29T08:14:45.115245Z  INFO execute_metered: openvm_circuit::arch::execution_mode::metered::segment_ctx: overshoot: instret  380065000 | total memory (15.4 GiB) > max (15.0 GiB) | main (2.9 GiB) | interaction (12.5 GiB)
2026-07-29T08:14:45.115387Z  INFO execute_metered: openvm_circuit::arch::execution_mode::metered::segment_ctx: Segment  24 | instret  364671000 | 15393000 instructions | 14.9 GiB memory (2.8 GiB, 12.1 GiB) |  286248334 interactions |  8388608 max height (VmAirWrapper<Rv32BaseAluAdapterAir, BaseAluCoreAir<4, 8>) | 80.51% memory util
2026-07-29T08:14:45.115591Z  INFO edge_worker::provers::sharded_app_prover::real_impl: Executor (parallel): sending segment 24 for proving
2026-07-29T08:14:45.161058Z  INFO vm.transport_init_memory:set_initial_memory: openvm_cuda_common::memory_manager: GPU mem: used=+4.5 GiB, current=9.6 GiB, peak=9.6 GiB, in pool=26.5 GiB (set initial memory)
2026-07-29T08:14:45.472075Z  INFO trace_gen:system_trace_gen:generate_proving_ctxs: openvm_cuda_common::memory_manager: GPU mem: used=+2.4 MiB, current=9.6 GiB, peak=9.6 GiB, in pool=26.5 GiB (generate mem proving ctxs:merkle update)
2026-07-29T08:14:45.473628Z  INFO trace_gen:system_trace_gen:generate_proving_ctxs: openvm_cuda_common::memory_manager: GPU mem: used=+3.6 MiB, current=9.6 GiB, peak=9.6 GiB, in pool=26.5 GiB (generate mem proving ctxs:boundary tracegen)
2026-07-29T08:14:45.473711Z  INFO trace_gen:system_trace_gen:generate_proving_ctxs: openvm_cuda_common::memory_manager: GPU mem: used=+4.9 MiB, current=9.6 GiB, peak=9.6 GiB, in pool=26.5 GiB (generate mem proving ctxs:dropping merkle tree)
2026-07-29T08:14:45.473838Z  INFO trace_gen:system_trace_gen:generate_proving_ctxs: openvm_cuda_common::memory_manager: GPU mem: used=-4.5 GiB, current=5.1 GiB, peak=9.6 GiB, in pool=26.5 GiB (generate mem proving ctxs)
2026-07-29T08:14:45.972858Z  INFO trace_gen:system_trace_gen:generate_proving_ctxs: openvm_cuda_common::memory_manager: GPU mem: used=+2.5 MiB, current=7.8 GiB, peak=9.6 GiB, in pool=26.5 GiB (generate mem proving ctxs:merkle update)
2026-07-29T08:14:45.974383Z  INFO trace_gen:system_trace_gen:generate_proving_ctxs: openvm_cuda_common::memory_manager: GPU mem: used=+3.6 MiB, current=7.8 GiB, peak=9.6 GiB, in pool=26.5 GiB (generate mem proving ctxs:boundary tracegen)
2026-07-29T08:14:45.974442Z  INFO trace_gen:system_trace_gen:generate_proving_ctxs: openvm_cuda_common::memory_manager: GPU mem: used=+4.9 MiB, current=7.8 GiB, peak=9.6 GiB, in pool=26.5 GiB (generate mem proving ctxs:dropping merkle tree)
2026-07-29T08:14:45.974545Z  INFO trace_gen:system_trace_gen:generate_proving_ctxs: openvm_cuda_common::memory_manager: GPU mem: used=-4.5 GiB, current=3.3 GiB, peak=9.6 GiB, in pool=26.5 GiB (generate mem proving ctxs)
2026-07-29T08:14:46.005641Z  INFO stark_prove_excluding_trace{phase="prover"}: openvm_stark_backend::prover: num_airs_present=21
2026-07-29T08:14:46.005685Z  INFO stark_prove_excluding_trace{phase="prover"}:prover.main_trace_commit{phase="prover"}:prover.commit{phase="prover"}:stacked_commit: openvm_cuda_common::memory_manager: GPU mem: used=+0 B, current=3.5 GiB, peak=9.6 GiB, in pool=26.5 GiB (prover.stacked_commit:before stacked_commit)
2026-07-29T08:14:46.005717Z  INFO stark_prove_excluding_trace{phase="prover"}:prover.main_trace_commit{phase="prover"}:prover.commit{phase="prover"}:stacked_commit: openvm_cuda_backend::stacked_pcs: stacked_matrix_dimensions height=16777216 width=43
2026-07-29T08:14:46.006194Z  INFO stark_prove_excluding_trace{phase="prover"}:prover.main_trace_commit{phase="prover"}:prover.commit{phase="prover"}:stacked_commit:rs_code_matrix: openvm_cuda_common::memory_manager: GPU mem: used=+5.4 GiB, current=8.9 GiB, peak=8.9 GiB, in pool=26.5 GiB (prover.rs_code_matrix)
2026-07-29T08:14:46.106874Z  INFO stark_prove_excluding_trace{phase="prover"}:prover.main_trace_commit{phase="prover"}:prover.commit{phase="prover"}:stacked_commit:merkle_tree: openvm_cuda_common::memory_manager: GPU mem: used=-5.1 GiB, current=3.8 GiB, peak=9.0 GiB, in pool=26.5 GiB (prover.merkle_tree)
2026-07-29T08:14:46.106928Z  INFO stark_prove_excluding_trace{phase="prover"}:prover.main_trace_commit{phase="prover"}:prover.commit{phase="prover"}:stacked_commit: openvm_cuda_common::memory_manager: GPU mem: used=+288.0 MiB, current=3.8 GiB, peak=9.0 GiB, in pool=26.5 GiB (prover.stacked_commit)
2026-07-29T08:14:46.106949Z  INFO stark_prove_excluding_trace{phase="prover"}:prover.main_trace_commit{phase="prover"}: openvm_stark_backend::prover::metrics: total_trace_cells = 730_150_412 (excluding preprocessed)
2026-07-29T08:14:46.106953Z  INFO stark_prove_excluding_trace{phase="prover"}:prover.main_trace_commit{phase="prover"}: openvm_stark_backend::prover::metrics: preprocessed_trace_cells = 0
2026-07-29T08:14:46.106956Z  INFO stark_prove_excluding_trace{phase="prover"}:prover.main_trace_commit{phase="prover"}: openvm_stark_backend::prover::metrics: main_trace_cells = 730_150_412
2026-07-29T08:14:46.107236Z  INFO stark_prove_excluding_trace{phase="prover"}:prover.rap_constraints{phase="prover"}:prove_zerocheck_and_logup_gpu:prover.rap_constraints.logup_gkr{phase="prover"}: openvm_cuda_backend::logup_zerocheck: n_global=25 n_logup=25
2026-07-29T08:14:46.107714Z  INFO stark_prove_excluding_trace{phase="prover"}:prover.rap_constraints{phase="prover"}:prove_zerocheck_and_logup_gpu:prover.rap_constraints.logup_gkr{phase="prover"}:fractional_sumcheck_gpu: openvm_cuda_common::memory_manager: GPU mem: used=+10.8 GiB, current=14.6 GiB, peak=14.7 GiB, in pool=26.5 GiB (prover.logup_zerocheck_prover:fractional_sumcheck_gkr: after building segment tree)
2026-07-29T08:14:46.453182Z  INFO stark_prove_excluding_trace{phase="prover"}:prover.rap_constraints{phase="prover"}:prove_zerocheck_and_logup_gpu:prover.rap_constraints.logup_gkr{phase="prover"}:fractional_sumcheck_gpu: openvm_cuda_common::memory_manager: GPU mem: used=+13.5 GiB, current=17.2 GiB, peak=17.2 GiB, in pool=26.5 GiB (prover.logup_zerocheck_prover:after_fractional_sumcheck_gkr)
2026-07-29T08:14:46.569922Z  INFO stark_prove_excluding_trace{phase="prover"}: openvm_stark_backend::prover: num_airs_present=21
2026-07-29T08:14:46.569961Z  INFO stark_prove_excluding_trace{phase="prover"}:prover.main_trace_commit{phase="prover"}:prover.commit{phase="prover"}:stacked_commit: openvm_cuda_common::memory_manager: GPU mem: used=+0 B, current=6.3 GiB, peak=6.5 GiB, in pool=26.5 GiB (prover.stacked_commit:before stacked_commit)
2026-07-29T08:14:46.569990Z  INFO stark_prove_excluding_trace{phase="prover"}:prover.main_trace_commit{phase="prover"}:prover.commit{phase="prover"}:stacked_commit: openvm_cuda_backend::stacked_pcs: stacked_matrix_dimensions height=16777216 width=43
2026-07-29T08:14:46.570393Z  INFO stark_prove_excluding_trace{phase="prover"}:prover.main_trace_commit{phase="prover"}:prover.commit{phase="prover"}:stacked_commit:rs_code_matrix: openvm_cuda_common::memory_manager: GPU mem: used=+5.4 GiB, current=11.6 GiB, peak=11.6 GiB, in pool=26.5 GiB (prover.rs_code_matrix)
2026-07-29T08:14:46.703329Z  INFO stark_prove_excluding_trace{phase="prover"}:prover.main_trace_commit{phase="prover"}:prover.commit{phase="prover"}:stacked_commit:merkle_tree: openvm_cuda_common::memory_manager: GPU mem: used=-5.3 GiB, current=6.4 GiB, peak=11.7 GiB, in pool=26.5 GiB (prover.merkle_tree)
2026-07-29T08:14:46.703387Z  INFO stark_prove_excluding_trace{phase="prover"}:prover.main_trace_commit{phase="prover"}:prover.commit{phase="prover"}:stacked_commit: openvm_cuda_common::memory_manager: GPU mem: used=+128.0 MiB, current=6.4 GiB, peak=11.7 GiB, in pool=26.5 GiB (prover.stacked_commit)
2026-07-29T08:14:46.703406Z  INFO stark_prove_excluding_trace{phase="prover"}:prover.main_trace_commit{phase="prover"}: openvm_stark_backend::prover::metrics: total_trace_cells = 730_150_412 (excluding preprocessed)
2026-07-29T08:14:46.703409Z  INFO stark_prove_excluding_trace{phase="prover"}:prover.main_trace_commit{phase="prover"}: openvm_stark_backend::prover::metrics: preprocessed_trace_cells = 0
2026-07-29T08:14:46.703412Z  INFO stark_prove_excluding_trace{phase="prover"}:prover.main_trace_commit{phase="prover"}: openvm_stark_backend::prover::metrics: main_trace_cells = 730_150_412
2026-07-29T08:14:46.715028Z  INFO stark_prove_excluding_trace{phase="prover"}:prover.rap_constraints{phase="prover"}:prove_zerocheck_and_logup_gpu:prover.rap_constraints.logup_gkr{phase="prover"}: openvm_cuda_backend::logup_zerocheck: n_global=25 n_logup=25
2026-07-29T08:14:46.724350Z  INFO stark_prove_excluding_trace{phase="prover"}:prover.rap_constraints{phase="prover"}:prove_zerocheck_and_logup_gpu:prover.rap_constraints.logup_gkr{phase="prover"}:fractional_sumcheck_gpu: openvm_cuda_common::memory_manager: GPU mem: used=+10.8 GiB, current=17.2 GiB, peak=17.3 GiB, in pool=26.5 GiB (prover.logup_zerocheck_prover:fractional_sumcheck_gkr: after building segment tree)
2026-07-29T08:14:46.914423Z  INFO stark_prove_excluding_trace{phase="prover"}:prover.rap_constraints{phase="prover"}:prove_zerocheck_and_logup_gpu:prover.rap_constraints.mle_rounds{phase="prover"}: openvm_cuda_common::memory_manager: GPU mem: used=+14.4 GiB, current=18.2 GiB, peak=20.5 GiB, in pool=26.5 GiB (prover.logup_zerocheck_prover)
2026-07-29T08:14:46.915316Z  INFO stark_prove_excluding_trace{phase="prover"}:prover.rap_constraints{phase="prover"}: openvm_cuda_common::memory_manager: GPU mem: used=+14.4 GiB, current=18.2 GiB, peak=20.5 GiB, in pool=26.5 GiB (prover.rap_constraints)
2026-07-29T08:14:46.970345Z  INFO stark_prove_excluding_trace{phase="prover"}:prover.rap_constraints{phase="prover"}:prove_zerocheck_and_logup_gpu:prover.rap_constraints.logup_gkr{phase="prover"}:fractional_sumcheck_gpu: openvm_cuda_common::memory_manager: GPU mem: used=+12.7 GiB, current=19.0 GiB, peak=19.0 GiB, in pool=26.5 GiB (prover.logup_zerocheck_prover:after_fractional_sumcheck_gkr)
2026-07-29T08:14:46.971833Z  INFO stark_prove_excluding_trace{phase="prover"}:prover.openings{phase="prover"}:prover.openings.stacked_reduction{phase="prover"}:prover.openings.stacked_reduction.round0{phase="prover"}: openvm_cuda_common::memory_manager: GPU mem: used=-11.0 GiB, current=7.2 GiB, peak=7.2 GiB, in pool=26.5 GiB (prover.stacked_reduction_new:stacked_reduction_sumcheck round 0)
2026-07-29T08:14:47.067054Z  INFO stark_prove_excluding_trace{phase="prover"}:prover.openings{phase="prover"}:prover.openings.stacked_reduction{phase="prover"}: openvm_cuda_common::memory_manager: GPU mem: used=-11.8 GiB, current=6.4 GiB, peak=8.4 GiB, in pool=26.5 GiB (prover.stacked_reduction_new)
2026-07-29T08:14:47.071472Z  INFO stark_prove_excluding_trace{phase="prover"}:prover.openings{phase="prover"}:prover.openings.whir{phase="prover"}: openvm_cuda_common::memory_manager: GPU mem: used=+512.0 MiB, current=6.9 GiB, peak=8.4 GiB, in pool=26.5 GiB (prover.prove_whir_opening:before_whir_rounds)
2026-07-29T08:14:47.090677Z  INFO stark_prove_excluding_trace{phase="prover"}:prover.openings{phase="prover"}:prover.openings.whir{phase="prover"}:merkle_tree: openvm_cuda_common::memory_manager: GPU mem: used=+64.0 MiB, current=6.7 GiB, peak=8.4 GiB, in pool=26.5 GiB (prover.merkle_tree)
2026-07-29T08:14:47.095899Z  INFO stark_prove_excluding_trace{phase="prover"}:prover.openings{phase="prover"}:prover.openings.whir{phase="prover"}:rs_code_matrix: openvm_cuda_common::memory_manager: GPU mem: used=+5.5 GiB, current=14.1 GiB, peak=14.1 GiB, in pool=26.5 GiB (prover.rs_code_matrix)
2026-07-29T08:14:47.127189Z  INFO stark_prove_excluding_trace{phase="prover"}:prover.openings{phase="prover"}:prover.openings.whir{phase="prover"}:rs_code_matrix: openvm_cuda_common::memory_manager: GPU mem: used=+128.0 MiB, current=11.5 GiB, peak=11.5 GiB, in pool=26.5 GiB (prover.rs_code_matrix)
2026-07-29T08:14:47.160112Z  INFO stark_prove_excluding_trace{phase="prover"}:prover.openings{phase="prover"}:prover.openings.whir{phase="prover"}: openvm_cuda_common::memory_manager: GPU mem: used=+5.0 GiB, current=11.3 GiB, peak=11.8 GiB, in pool=26.5 GiB (prover.prove_whir_opening:after_initial_whir_round)
2026-07-29T08:14:47.169909Z  INFO stark_prove_excluding_trace{phase="prover"}:prover.openings{phase="prover"}:prover.openings.whir{phase="prover"}:merkle_tree: openvm_cuda_common::memory_manager: GPU mem: used=+181.6 MiB, current=5.1 GiB, peak=11.8 GiB, in pool=26.5 GiB (prover.merkle_tree)
2026-07-29T08:14:47.180985Z  INFO stark_prove_excluding_trace{phase="prover"}:prover.openings{phase="prover"}:prover.openings.whir{phase="prover"}:merkle_tree: openvm_cuda_common::memory_manager: GPU mem: used=-316.4 MiB, current=3.9 GiB, peak=11.8 GiB, in pool=26.5 GiB (prover.merkle_tree)
2026-07-29T08:14:47.187215Z  INFO stark_prove_excluding_trace{phase="prover"}:prover.openings{phase="prover"}:prover.openings.whir{phase="prover"}: openvm_cuda_common::memory_manager: GPU mem: used=-2.8 GiB, current=3.6 GiB, peak=11.8 GiB, in pool=26.5 GiB (prover.prove_whir_opening)
2026-07-29T08:14:47.187269Z  INFO stark_prove_excluding_trace{phase="prover"}:prover.openings{phase="prover"}: openvm_cuda_common::memory_manager: GPU mem: used=-14.6 GiB, current=3.6 GiB, peak=3.6 GiB, in pool=26.5 GiB (prover.openings)
2026-07-29T08:14:47.187289Z  INFO edge_worker::provers::sharded_app_prover::real_impl: Consumer: proved segment 18 (2774ms)
2026-07-29T08:14:47.188117Z  INFO edge_worker::provers::sharded_app_prover::real_impl: Consumer: proving segment 20
2026-07-29T08:14:47.188121Z  INFO edge_worker::handlers: Streaming result 19 for proof repro-01 (worker_id=0)
2026-07-29T08:14:47.197170Z  INFO stark_prove_excluding_trace{phase="prover"}:prover.rap_constraints{phase="prover"}:prove_zerocheck_and_logup_gpu:prover.rap_constraints.mle_rounds{phase="prover"}: openvm_cuda_common::memory_manager: GPU mem: used=-2.9 GiB, current=3.5 GiB, peak=3.6 GiB, in pool=26.5 GiB (prover.logup_zerocheck_prover)
2026-07-29T08:14:47.198512Z  INFO stark_prove_excluding_trace{phase="prover"}:prover.rap_constraints{phase="prover"}: openvm_cuda_common::memory_manager: GPU mem: used=-2.9 GiB, current=3.5 GiB, peak=3.6 GiB, in pool=26.5 GiB (prover.rap_constraints)
2026-07-29T08:14:47.213561Z  INFO stark_prove_excluding_trace{phase="prover"}:prover.openings{phase="prover"}:prover.openings.stacked_reduction{phase="prover"}:prover.openings.stacked_reduction.round0{phase="prover"}: openvm_cuda_common::memory_manager: GPU mem: used=+1.4 GiB, current=4.8 GiB, peak=4.8 GiB, in pool=26.5 GiB (prover.stacked_reduction_new:stacked_reduction_sumcheck round 0)
2026-07-29T08:14:47.467243Z  INFO vm.transport_init_memory:set_initial_memory: openvm_cuda_common::memory_manager: GPU mem: used=+4.9 GiB, current=9.2 GiB, peak=9.2 GiB, in pool=26.5 GiB (set initial memory)
2026-07-29T08:14:47.487000Z  INFO execute_metered: openvm_circuit::arch::execution_mode::metered::segment_ctx: overshoot: instret  395460000 | total memory (15.4 GiB) > max (15.0 GiB) | main (2.9 GiB) | interaction (12.5 GiB)
2026-07-29T08:14:47.487124Z  INFO execute_metered: openvm_circuit::arch::execution_mode::metered::segment_ctx: Segment  25 | instret  380064000 | 15395000 instructions | 14.9 GiB memory (2.8 GiB, 12.1 GiB) |  286288061 interactions |  8388608 max height (VmAirWrapper<Rv32BaseAluAdapterAir, BaseAluCoreAir<4, 8>) | 80.52% memory util
2026-07-29T08:14:47.487326Z  INFO edge_worker::provers::sharded_app_prover::real_impl: Executor (parallel): sending segment 25 for proving
2026-07-29T08:14:47.519420Z  INFO stark_prove_excluding_trace{phase="prover"}:prover.openings{phase="prover"}:prover.openings.stacked_reduction{phase="prover"}: openvm_cuda_common::memory_manager: GPU mem: used=+4.5 GiB, current=8.0 GiB, peak=9.4 GiB, in pool=26.5 GiB (prover.stacked_reduction_new)
2026-07-29T08:14:47.519634Z  INFO stark_prove_excluding_trace{phase="prover"}:prover.openings{phase="prover"}:prover.openings.whir{phase="prover"}: openvm_cuda_common::memory_manager: GPU mem: used=+512.0 MiB, current=8.5 GiB, peak=9.4 GiB, in pool=26.5 GiB (prover.prove_whir_opening:before_whir_rounds)
2026-07-29T08:14:47.537578Z  INFO stark_prove_excluding_trace{phase="prover"}:prover.openings{phase="prover"}:prover.openings.whir{phase="prover"}:merkle_tree: openvm_cuda_common::memory_manager: GPU mem: used=+64.0 MiB, current=8.3 GiB, peak=9.4 GiB, in pool=26.5 GiB (prover.merkle_tree)
2026-07-29T08:14:47.540189Z  INFO stark_prove_excluding_trace{phase="prover"}:prover.openings{phase="prover"}:prover.openings.whir{phase="prover"}:rs_code_matrix: openvm_cuda_common::memory_manager: GPU mem: used=+5.4 GiB, current=13.7 GiB, peak=13.7 GiB, in pool=26.5 GiB (prover.rs_code_matrix)
2026-07-29T08:14:47.540319Z  INFO stark_prove_excluding_trace{phase="prover"}:prover.openings{phase="prover"}:prover.openings.whir{phase="prover"}:rs_code_matrix: openvm_cuda_common::memory_manager: GPU mem: used=+128.0 MiB, current=11.1 GiB, peak=11.1 GiB, in pool=26.5 GiB (prover.rs_code_matrix)
2026-07-29T08:14:47.595030Z  INFO stark_prove_excluding_trace{phase="prover"}:prover.openings{phase="prover"}:prover.openings.whir{phase="prover"}: openvm_cuda_common::memory_manager: GPU mem: used=+3.0 GiB, current=11.0 GiB, peak=11.1 GiB, in pool=26.5 GiB (prover.prove_whir_opening:after_initial_whir_round)
2026-07-29T08:14:47.602717Z  INFO stark_prove_excluding_trace{phase="prover"}:prover.openings{phase="prover"}:prover.openings.whir{phase="prover"}:merkle_tree: openvm_cuda_common::memory_manager: GPU mem: used=+32.0 MiB, current=5.6 GiB, peak=11.1 GiB, in pool=26.5 GiB (prover.merkle_tree)
2026-07-29T08:14:47.606534Z  INFO stark_prove_excluding_trace{phase="prover"}:prover.openings{phase="prover"}:prover.openings.whir{phase="prover"}:merkle_tree: openvm_cuda_common::memory_manager: GPU mem: used=+16.0 MiB, current=5.3 GiB, peak=11.1 GiB, in pool=26.5 GiB (prover.merkle_tree)
2026-07-29T08:14:47.608659Z  INFO stark_prove_excluding_trace{phase="prover"}:prover.openings{phase="prover"}:prover.openings.whir{phase="prover"}: openvm_cuda_common::memory_manager: GPU mem: used=-2.9 GiB, current=5.1 GiB, peak=11.1 GiB, in pool=26.5 GiB (prover.prove_whir_opening)
2026-07-29T08:14:47.608673Z  INFO stark_prove_excluding_trace{phase="prover"}:prover.openings{phase="prover"}: openvm_cuda_common::memory_manager: GPU mem: used=+1.6 GiB, current=5.1 GiB, peak=5.1 GiB, in pool=26.5 GiB (prover.openings)
2026-07-29T08:14:47.609324Z  INFO edge_worker::provers::sharded_app_prover::real_impl: Coordinator-consumer: proved segment 19 (2747ms)
2026-07-29T08:14:47.609347Z  INFO edge_worker::provers::sharded_app_prover::real_impl: Coordinator-consumer: proving segment 21
2026-07-29T08:14:47.609350Z  INFO edge_worker::handlers: Streaming result 20 for proof repro-01 (worker_id=0)
2026-07-29T08:14:47.629884Z  INFO register_worker{worker_id=0 max_app_provers=2 max_leaf_provers=2 max_internal_provers=1 worker_role=Full worker_url=http://127.0.0.1:8001}: edge_worker::result_client: Registering worker at http://127.0.0.1:8001 with manager
2026-07-29T08:14:47.630247Z  INFO register_worker{worker_id=0 max_app_provers=2 max_leaf_provers=2 max_internal_provers=1 worker_role=Full worker_url=http://127.0.0.1:8001}: edge_worker::result_client: Successfully registered with manager, confirmed worker_id=0
2026-07-29T08:14:47.895440Z  INFO execute_metered: openvm_circuit::arch::execution_mode::metered::segment_ctx: overshoot: instret  410853000 | total memory (15.4 GiB) > max (15.0 GiB) | main (2.9 GiB) | interaction (12.5 GiB)
2026-07-29T08:14:47.895567Z  INFO execute_metered: openvm_circuit::arch::execution_mode::metered::segment_ctx: Segment  26 | instret  395459000 | 15393000 instructions | 14.9 GiB memory (2.8 GiB, 12.1 GiB) |  286249020 interactions |  8388608 max height (VmAirWrapper<Rv32BaseAluAdapterAir, BaseAluCoreAir<4, 8>) | 80.51% memory util
2026-07-29T08:14:47.895742Z  INFO edge_worker::provers::sharded_app_prover::real_impl: Executor (parallel): sending segment 26 for proving
2026-07-29T08:14:47.896507Z  INFO vm.transport_init_memory:set_initial_memory: openvm_cuda_common::memory_manager: GPU mem: used=+4.5 GiB, current=9.6 GiB, peak=9.6 GiB, in pool=26.5 GiB (set initial memory)
2026-07-29T08:14:48.399575Z  INFO trace_gen:system_trace_gen:generate_proving_ctxs: openvm_cuda_common::memory_manager: GPU mem: used=+2.5 MiB, current=9.6 GiB, peak=9.6 GiB, in pool=26.5 GiB (generate mem proving ctxs:merkle update)
2026-07-29T08:14:48.401024Z  INFO trace_gen:system_trace_gen:generate_proving_ctxs: openvm_cuda_common::memory_manager: GPU mem: used=+3.6 MiB, current=9.6 GiB, peak=9.6 GiB, in pool=26.5 GiB (generate mem proving ctxs:boundary tracegen)
2026-07-29T08:14:48.401074Z  INFO trace_gen:system_trace_gen:generate_proving_ctxs: openvm_cuda_common::memory_manager: GPU mem: used=+4.9 MiB, current=9.6 GiB, peak=9.6 GiB, in pool=26.5 GiB (generate mem proving ctxs:dropping merkle tree)
2026-07-29T08:14:48.401185Z  INFO trace_gen:system_trace_gen:generate_proving_ctxs: openvm_cuda_common::memory_manager: GPU mem: used=-4.5 GiB, current=5.1 GiB, peak=9.6 GiB, in pool=26.5 GiB (generate mem proving ctxs)
2026-07-29T08:14:48.830282Z  INFO trace_gen:system_trace_gen:generate_proving_ctxs: openvm_cuda_common::memory_manager: GPU mem: used=+2.4 MiB, current=7.8 GiB, peak=9.6 GiB, in pool=26.5 GiB (generate mem proving ctxs:merkle update)
2026-07-29T08:14:48.831815Z  INFO trace_gen:system_trace_gen:generate_proving_ctxs: openvm_cuda_common::memory_manager: GPU mem: used=+3.6 MiB, current=7.8 GiB, peak=9.6 GiB, in pool=26.5 GiB (generate mem proving ctxs:boundary tracegen)
2026-07-29T08:14:48.831872Z  INFO trace_gen:system_trace_gen:generate_proving_ctxs: openvm_cuda_common::memory_manager: GPU mem: used=+4.9 MiB, current=7.8 GiB, peak=9.6 GiB, in pool=26.5 GiB (generate mem proving ctxs:dropping merkle tree)
2026-07-29T08:14:48.831978Z  INFO trace_gen:system_trace_gen:generate_proving_ctxs: openvm_cuda_common::memory_manager: GPU mem: used=-4.5 GiB, current=3.3 GiB, peak=9.6 GiB, in pool=26.5 GiB (generate mem proving ctxs)
2026-07-29T08:14:48.860813Z  INFO stark_prove_excluding_trace{phase="prover"}: openvm_stark_backend::prover: num_airs_present=21
2026-07-29T08:14:48.860866Z  INFO stark_prove_excluding_trace{phase="prover"}:prover.main_trace_commit{phase="prover"}:prover.commit{phase="prover"}:stacked_commit: openvm_cuda_common::memory_manager: GPU mem: used=+0 B, current=3.6 GiB, peak=9.6 GiB, in pool=26.5 GiB (prover.stacked_commit:before stacked_commit)
2026-07-29T08:14:48.860900Z  INFO stark_prove_excluding_trace{phase="prover"}:prover.main_trace_commit{phase="prover"}:prover.commit{phase="prover"}:stacked_commit: openvm_cuda_backend::stacked_pcs: stacked_matrix_dimensions height=16777216 width=43
2026-07-29T08:14:48.861531Z  INFO stark_prove_excluding_trace{phase="prover"}:prover.main_trace_commit{phase="prover"}:prover.commit{phase="prover"}:stacked_commit:rs_code_matrix: openvm_cuda_common::memory_manager: GPU mem: used=+5.4 GiB, current=9.0 GiB, peak=9.0 GiB, in pool=26.5 GiB (prover.rs_code_matrix)
2026-07-29T08:14:48.964292Z  INFO stark_prove_excluding_trace{phase="prover"}:prover.main_trace_commit{phase="prover"}:prover.commit{phase="prover"}:stacked_commit:merkle_tree: openvm_cuda_common::memory_manager: GPU mem: used=-5.2 GiB, current=3.8 GiB, peak=9.1 GiB, in pool=26.5 GiB (prover.merkle_tree)
2026-07-29T08:14:48.964366Z  INFO stark_prove_excluding_trace{phase="prover"}:prover.main_trace_commit{phase="prover"}:prover.commit{phase="prover"}:stacked_commit: openvm_cuda_common::memory_manager: GPU mem: used=+178.6 MiB, current=3.8 GiB, peak=9.1 GiB, in pool=26.5 GiB (prover.stacked_commit)
2026-07-29T08:14:48.964398Z  INFO stark_prove_excluding_trace{phase="prover"}:prover.main_trace_commit{phase="prover"}: openvm_stark_backend::prover::metrics: total_trace_cells = 730_150_412 (excluding preprocessed)
2026-07-29T08:14:48.964403Z  INFO stark_prove_excluding_trace{phase="prover"}:prover.main_trace_commit{phase="prover"}: openvm_stark_backend::prover::metrics: preprocessed_trace_cells = 0
2026-07-29T08:14:48.964407Z  INFO stark_prove_excluding_trace{phase="prover"}:prover.main_trace_commit{phase="prover"}: openvm_stark_backend::prover::metrics: main_trace_cells = 730_150_412
2026-07-29T08:14:48.966575Z  INFO stark_prove_excluding_trace{phase="prover"}:prover.rap_constraints{phase="prover"}:prove_zerocheck_and_logup_gpu:prover.rap_constraints.logup_gkr{phase="prover"}: openvm_cuda_backend::logup_zerocheck: n_global=25 n_logup=25
2026-07-29T08:14:48.975208Z  INFO stark_prove_excluding_trace{phase="prover"}:prover.rap_constraints{phase="prover"}:prove_zerocheck_and_logup_gpu:prover.rap_constraints.logup_gkr{phase="prover"}:fractional_sumcheck_gpu: openvm_cuda_common::memory_manager: GPU mem: used=+10.9 GiB, current=14.7 GiB, peak=14.9 GiB, in pool=26.5 GiB (prover.logup_zerocheck_prover:fractional_sumcheck_gkr: after building segment tree)
2026-07-29T08:14:49.330068Z  INFO stark_prove_excluding_trace{phase="prover"}:prover.rap_constraints{phase="prover"}:prove_zerocheck_and_logup_gpu:prover.rap_constraints.logup_gkr{phase="prover"}:fractional_sumcheck_gpu: openvm_cuda_common::memory_manager: GPU mem: used=+13.4 GiB, current=17.2 GiB, peak=17.2 GiB, in pool=26.5 GiB (prover.logup_zerocheck_prover:after_fractional_sumcheck_gkr)
2026-07-29T08:14:49.423099Z  INFO stark_prove_excluding_trace{phase="prover"}: openvm_stark_backend::prover: num_airs_present=21
2026-07-29T08:14:49.423137Z  INFO stark_prove_excluding_trace{phase="prover"}:prover.main_trace_commit{phase="prover"}:prover.commit{phase="prover"}:stacked_commit: openvm_cuda_common::memory_manager: GPU mem: used=+0 B, current=6.3 GiB, peak=6.3 GiB, in pool=26.5 GiB (prover.stacked_commit:before stacked_commit)
2026-07-29T08:14:49.423169Z  INFO stark_prove_excluding_trace{phase="prover"}:prover.main_trace_commit{phase="prover"}:prover.commit{phase="prover"}:stacked_commit: openvm_cuda_backend::stacked_pcs: stacked_matrix_dimensions height=16777216 width=43
2026-07-29T08:14:49.423598Z  INFO stark_prove_excluding_trace{phase="prover"}:prover.main_trace_commit{phase="prover"}:prover.commit{phase="prover"}:stacked_commit:rs_code_matrix: openvm_cuda_common::memory_manager: GPU mem: used=+5.4 GiB, current=11.6 GiB, peak=11.6 GiB, in pool=26.5 GiB (prover.rs_code_matrix)
2026-07-29T08:14:49.554255Z  INFO stark_prove_excluding_trace{phase="prover"}:prover.main_trace_commit{phase="prover"}:prover.commit{phase="prover"}:stacked_commit:merkle_tree: openvm_cuda_common::memory_manager: GPU mem: used=-5.3 GiB, current=6.4 GiB, peak=11.7 GiB, in pool=26.5 GiB (prover.merkle_tree)
2026-07-29T08:14:49.554297Z  INFO stark_prove_excluding_trace{phase="prover"}:prover.main_trace_commit{phase="prover"}:prover.commit{phase="prover"}:stacked_commit: openvm_cuda_common::memory_manager: GPU mem: used=+128.0 MiB, current=6.4 GiB, peak=11.7 GiB, in pool=26.5 GiB (prover.stacked_commit)
2026-07-29T08:14:49.554312Z  INFO stark_prove_excluding_trace{phase="prover"}:prover.main_trace_commit{phase="prover"}: openvm_stark_backend::prover::metrics: total_trace_cells = 730_150_412 (excluding preprocessed)
2026-07-29T08:14:49.554315Z  INFO stark_prove_excluding_trace{phase="prover"}:prover.main_trace_commit{phase="prover"}: openvm_stark_backend::prover::metrics: preprocessed_trace_cells = 0
2026-07-29T08:14:49.554325Z  INFO stark_prove_excluding_trace{phase="prover"}:prover.main_trace_commit{phase="prover"}: openvm_stark_backend::prover::metrics: main_trace_cells = 730_150_412
2026-07-29T08:14:49.568332Z  INFO stark_prove_excluding_trace{phase="prover"}:prover.rap_constraints{phase="prover"}:prove_zerocheck_and_logup_gpu:prover.rap_constraints.logup_gkr{phase="prover"}: openvm_cuda_backend::logup_zerocheck: n_global=25 n_logup=25
2026-07-29T08:14:49.577153Z  INFO stark_prove_excluding_trace{phase="prover"}:prover.rap_constraints{phase="prover"}:prove_zerocheck_and_logup_gpu:prover.rap_constraints.logup_gkr{phase="prover"}:fractional_sumcheck_gpu: openvm_cuda_common::memory_manager: GPU mem: used=+10.8 GiB, current=17.2 GiB, peak=17.3 GiB, in pool=26.5 GiB (prover.logup_zerocheck_prover:fractional_sumcheck_gkr: after building segment tree)
2026-07-29T08:14:49.798078Z  INFO stark_prove_excluding_trace{phase="prover"}:prover.rap_constraints{phase="prover"}:prove_zerocheck_and_logup_gpu:prover.rap_constraints.mle_rounds{phase="prover"}: openvm_cuda_common::memory_manager: GPU mem: used=+14.3 GiB, current=18.2 GiB, peak=20.5 GiB, in pool=26.5 GiB (prover.logup_zerocheck_prover)
2026-07-29T08:14:49.799392Z  INFO stark_prove_excluding_trace{phase="prover"}:prover.rap_constraints{phase="prover"}: openvm_cuda_common::memory_manager: GPU mem: used=+14.4 GiB, current=18.2 GiB, peak=20.5 GiB, in pool=26.5 GiB (prover.rap_constraints)
2026-07-29T08:14:49.819683Z  INFO stark_prove_excluding_trace{phase="prover"}:prover.rap_constraints{phase="prover"}:prove_zerocheck_and_logup_gpu:prover.rap_constraints.logup_gkr{phase="prover"}:fractional_sumcheck_gpu: openvm_cuda_common::memory_manager: GPU mem: used=+12.7 GiB, current=19.0 GiB, peak=19.0 GiB, in pool=26.5 GiB (prover.logup_zerocheck_prover:after_fractional_sumcheck_gkr)
2026-07-29T08:14:49.828924Z  INFO stark_prove_excluding_trace{phase="prover"}:prover.openings{phase="prover"}:prover.openings.stacked_reduction{phase="prover"}:prover.openings.stacked_reduction.round0{phase="prover"}: openvm_cuda_common::memory_manager: GPU mem: used=-11.0 GiB, current=7.2 GiB, peak=7.2 GiB, in pool=26.5 GiB (prover.stacked_reduction_new:stacked_reduction_sumcheck round 0)
2026-07-29T08:14:49.928962Z  INFO stark_prove_excluding_trace{phase="prover"}:prover.openings{phase="prover"}:prover.openings.stacked_reduction{phase="prover"}: openvm_cuda_common::memory_manager: GPU mem: used=-11.8 GiB, current=6.4 GiB, peak=8.4 GiB, in pool=26.5 GiB (prover.stacked_reduction_new)
2026-07-29T08:14:49.934356Z  INFO stark_prove_excluding_trace{phase="prover"}:prover.openings{phase="prover"}:prover.openings.whir{phase="prover"}: openvm_cuda_common::memory_manager: GPU mem: used=+513.0 MiB, current=6.9 GiB, peak=8.4 GiB, in pool=26.5 GiB (prover.prove_whir_opening:before_whir_rounds)
2026-07-29T08:14:49.949348Z  INFO stark_prove_excluding_trace{phase="prover"}:prover.openings{phase="prover"}:prover.openings.whir{phase="prover"}:merkle_tree: openvm_cuda_common::memory_manager: GPU mem: used=+64.0 MiB, current=6.7 GiB, peak=8.4 GiB, in pool=26.5 GiB (prover.merkle_tree)
2026-07-29T08:14:49.952011Z  INFO stark_prove_excluding_trace{phase="prover"}:prover.openings{phase="prover"}:prover.openings.whir{phase="prover"}:rs_code_matrix: openvm_cuda_common::memory_manager: GPU mem: used=+5.4 GiB, current=12.1 GiB, peak=12.1 GiB, in pool=26.5 GiB (prover.rs_code_matrix)
2026-07-29T08:14:49.955391Z  INFO stark_prove_excluding_trace{phase="prover"}:prover.openings{phase="prover"}:prover.openings.whir{phase="prover"}:rs_code_matrix: openvm_cuda_common::memory_manager: GPU mem: used=+128.0 MiB, current=9.5 GiB, peak=9.5 GiB, in pool=26.5 GiB (prover.rs_code_matrix)
2026-07-29T08:14:50.007260Z  INFO stark_prove_excluding_trace{phase="prover"}:prover.openings{phase="prover"}:prover.openings.whir{phase="prover"}: openvm_cuda_common::memory_manager: GPU mem: used=+3.0 GiB, current=9.4 GiB, peak=9.5 GiB, in pool=26.5 GiB (prover.prove_whir_opening:after_initial_whir_round)
2026-07-29T08:14:50.020400Z  INFO stark_prove_excluding_trace{phase="prover"}:prover.openings{phase="prover"}:prover.openings.whir{phase="prover"}:merkle_tree: openvm_cuda_common::memory_manager: GPU mem: used=+342.6 MiB, current=6.3 GiB, peak=9.5 GiB, in pool=26.5 GiB (prover.merkle_tree)
2026-07-29T08:14:50.037554Z  INFO stark_prove_excluding_trace{phase="prover"}:prover.openings{phase="prover"}:prover.openings.whir{phase="prover"}:merkle_tree: openvm_cuda_common::memory_manager: GPU mem: used=+37.9 MiB, current=4.8 GiB, peak=9.5 GiB, in pool=26.5 GiB (prover.merkle_tree)
2026-07-29T08:14:50.044590Z  INFO stark_prove_excluding_trace{phase="prover"}:prover.openings{phase="prover"}:prover.openings.whir{phase="prover"}: openvm_cuda_common::memory_manager: GPU mem: used=-2.8 GiB, current=3.6 GiB, peak=9.5 GiB, in pool=26.5 GiB (prover.prove_whir_opening)
2026-07-29T08:14:50.044630Z  INFO stark_prove_excluding_trace{phase="prover"}:prover.openings{phase="prover"}: openvm_cuda_common::memory_manager: GPU mem: used=-14.6 GiB, current=3.6 GiB, peak=3.6 GiB, in pool=26.5 GiB (prover.openings)
2026-07-29T08:14:50.044640Z  INFO edge_worker::provers::sharded_app_prover::real_impl: Consumer: proved segment 20 (2856ms)
2026-07-29T08:14:50.045314Z  INFO edge_worker::provers::sharded_app_prover::real_impl: Consumer: proving segment 22
2026-07-29T08:14:50.045320Z  INFO edge_worker::handlers: Streaming result 21 for proof repro-01 (worker_id=0)
2026-07-29T08:14:50.100407Z  INFO stark_prove_excluding_trace{phase="prover"}:prover.rap_constraints{phase="prover"}:prove_zerocheck_and_logup_gpu:prover.rap_constraints.mle_rounds{phase="prover"}: openvm_cuda_common::memory_manager: GPU mem: used=-2.4 GiB, current=4.0 GiB, peak=4.0 GiB, in pool=26.5 GiB (prover.logup_zerocheck_prover)
2026-07-29T08:14:50.101699Z  INFO stark_prove_excluding_trace{phase="prover"}:prover.rap_constraints{phase="prover"}: openvm_cuda_common::memory_manager: GPU mem: used=-2.4 GiB, current=4.0 GiB, peak=4.0 GiB, in pool=26.5 GiB (prover.rap_constraints)
2026-07-29T08:14:50.120565Z  INFO stark_prove_excluding_trace{phase="prover"}:prover.openings{phase="prover"}:prover.openings.stacked_reduction{phase="prover"}:prover.openings.stacked_reduction.round0{phase="prover"}: openvm_cuda_common::memory_manager: GPU mem: used=+880.1 MiB, current=4.8 GiB, peak=4.8 GiB, in pool=26.5 GiB (prover.stacked_reduction_new:stacked_reduction_sumcheck round 0)
2026-07-29T08:14:50.302124Z  INFO execute_metered: openvm_circuit::arch::execution_mode::metered::segment_ctx: overshoot: instret  426246000 | total memory (15.4 GiB) > max (15.0 GiB) | main (2.9 GiB) | interaction (12.5 GiB)
2026-07-29T08:14:50.302193Z  INFO execute_metered: openvm_circuit::arch::execution_mode::metered::segment_ctx: Segment  27 | instret  410852000 | 15393000 instructions | 14.9 GiB memory (2.8 GiB, 12.1 GiB) |  286250331 interactions |  8388608 max height (VmAirWrapper<Rv32BaseAluAdapterAir, BaseAluCoreAir<4, 8>) | 80.51% memory util
2026-07-29T08:14:50.302362Z  INFO edge_worker::provers::sharded_app_prover::real_impl: Executor (parallel): sending segment 27 for proving
2026-07-29T08:14:50.347082Z  INFO vm.transport_init_memory:set_initial_memory: openvm_cuda_common::memory_manager: GPU mem: used=+5.7 GiB, current=9.2 GiB, peak=9.2 GiB, in pool=26.5 GiB (set initial memory)
2026-07-29T08:14:50.374885Z  INFO stark_prove_excluding_trace{phase="prover"}:prover.openings{phase="prover"}:prover.openings.stacked_reduction{phase="prover"}: openvm_cuda_common::memory_manager: GPU mem: used=+4.0 GiB, current=8.0 GiB, peak=9.4 GiB, in pool=26.5 GiB (prover.stacked_reduction_new)
2026-07-29T08:14:50.375166Z  INFO stark_prove_excluding_trace{phase="prover"}:prover.openings{phase="prover"}:prover.openings.whir{phase="prover"}: openvm_cuda_common::memory_manager: GPU mem: used=+512.0 MiB, current=8.5 GiB, peak=9.4 GiB, in pool=26.5 GiB (prover.prove_whir_opening:before_whir_rounds)
2026-07-29T08:14:50.393012Z  INFO stark_prove_excluding_trace{phase="prover"}:prover.openings{phase="prover"}:prover.openings.whir{phase="prover"}:merkle_tree: openvm_cuda_common::memory_manager: GPU mem: used=+64.0 MiB, current=8.3 GiB, peak=9.4 GiB, in pool=26.5 GiB (prover.merkle_tree)
2026-07-29T08:14:50.395818Z  INFO stark_prove_excluding_trace{phase="prover"}:prover.openings{phase="prover"}:prover.openings.whir{phase="prover"}:rs_code_matrix: openvm_cuda_common::memory_manager: GPU mem: used=+5.4 GiB, current=13.7 GiB, peak=13.7 GiB, in pool=26.5 GiB (prover.rs_code_matrix)
2026-07-29T08:14:50.395946Z  INFO stark_prove_excluding_trace{phase="prover"}:prover.openings{phase="prover"}:prover.openings.whir{phase="prover"}:rs_code_matrix: openvm_cuda_common::memory_manager: GPU mem: used=+128.0 MiB, current=11.1 GiB, peak=11.1 GiB, in pool=26.5 GiB (prover.rs_code_matrix)
2026-07-29T08:14:50.451041Z  INFO stark_prove_excluding_trace{phase="prover"}:prover.openings{phase="prover"}:prover.openings.whir{phase="prover"}: openvm_cuda_common::memory_manager: GPU mem: used=+3.0 GiB, current=11.0 GiB, peak=11.1 GiB, in pool=26.5 GiB (prover.prove_whir_opening:after_initial_whir_round)
2026-07-29T08:14:50.458816Z  INFO stark_prove_excluding_trace{phase="prover"}:prover.openings{phase="prover"}:prover.openings.whir{phase="prover"}:merkle_tree: openvm_cuda_common::memory_manager: GPU mem: used=+32.0 MiB, current=5.6 GiB, peak=11.1 GiB, in pool=26.5 GiB (prover.merkle_tree)
2026-07-29T08:14:50.463164Z  INFO stark_prove_excluding_trace{phase="prover"}:prover.openings{phase="prover"}:prover.openings.whir{phase="prover"}:merkle_tree: openvm_cuda_common::memory_manager: GPU mem: used=+16.0 MiB, current=5.3 GiB, peak=11.1 GiB, in pool=26.5 GiB (prover.merkle_tree)
2026-07-29T08:14:50.464716Z  INFO stark_prove_excluding_trace{phase="prover"}:prover.openings{phase="prover"}:prover.openings.whir{phase="prover"}: openvm_cuda_common::memory_manager: GPU mem: used=-2.9 GiB, current=5.1 GiB, peak=11.1 GiB, in pool=26.5 GiB (prover.prove_whir_opening)
2026-07-29T08:14:50.464736Z  INFO stark_prove_excluding_trace{phase="prover"}:prover.openings{phase="prover"}: openvm_cuda_common::memory_manager: GPU mem: used=+1.1 GiB, current=5.1 GiB, peak=5.1 GiB, in pool=26.5 GiB (prover.openings)
2026-07-29T08:14:50.465278Z  INFO edge_worker::provers::sharded_app_prover::real_impl: Coordinator-consumer: proved segment 21 (2855ms)
2026-07-29T08:14:50.465299Z  INFO edge_worker::provers::sharded_app_prover::real_impl: Coordinator-consumer: proving segment 23
2026-07-29T08:14:50.465301Z  INFO edge_worker::handlers: Streaming result 22 for proof repro-01 (worker_id=0)
2026-07-29T08:14:50.708168Z  INFO execute_metered: openvm_circuit::arch::execution_mode::metered::segment_ctx: overshoot: instret  441641000 | total memory (15.4 GiB) > max (15.0 GiB) | main (2.9 GiB) | interaction (12.5 GiB)
2026-07-29T08:14:50.708218Z  INFO execute_metered: openvm_circuit::arch::execution_mode::metered::segment_ctx: Segment  28 | instret  426245000 | 15395000 instructions | 14.9 GiB memory (2.8 GiB, 12.1 GiB) |  286285569 interactions |  8388608 max height (VmAirWrapper<Rv32BaseAluAdapterAir, BaseAluCoreAir<4, 8>) | 80.52% memory util
2026-07-29T08:14:50.708399Z  INFO edge_worker::provers::sharded_app_prover::real_impl: Executor (parallel): sending segment 28 for proving
2026-07-29T08:14:50.756027Z  INFO vm.transport_init_memory:set_initial_memory: openvm_cuda_common::memory_manager: GPU mem: used=+4.5 GiB, current=9.6 GiB, peak=9.6 GiB, in pool=26.5 GiB (set initial memory)
2026-07-29T08:14:50.837278Z  INFO trace_gen:system_trace_gen:generate_proving_ctxs: openvm_cuda_common::memory_manager: GPU mem: used=+2.5 MiB, current=9.6 GiB, peak=9.6 GiB, in pool=26.5 GiB (generate mem proving ctxs:merkle update)
2026-07-29T08:14:50.838725Z  INFO trace_gen:system_trace_gen:generate_proving_ctxs: openvm_cuda_common::memory_manager: GPU mem: used=+3.6 MiB, current=9.6 GiB, peak=9.6 GiB, in pool=26.5 GiB (generate mem proving ctxs:boundary tracegen)
2026-07-29T08:14:50.838765Z  INFO trace_gen:system_trace_gen:generate_proving_ctxs: openvm_cuda_common::memory_manager: GPU mem: used=+4.9 MiB, current=9.6 GiB, peak=9.6 GiB, in pool=26.5 GiB (generate mem proving ctxs:dropping merkle tree)
2026-07-29T08:14:50.838869Z  INFO trace_gen:system_trace_gen:generate_proving_ctxs: openvm_cuda_common::memory_manager: GPU mem: used=-4.5 GiB, current=5.1 GiB, peak=9.6 GiB, in pool=26.5 GiB (generate mem proving ctxs)
2026-07-29T08:14:51.284090Z  INFO trace_gen:system_trace_gen:generate_proving_ctxs: openvm_cuda_common::memory_manager: GPU mem: used=+2.5 MiB, current=7.8 GiB, peak=9.6 GiB, in pool=26.5 GiB (generate mem proving ctxs:merkle update)
2026-07-29T08:14:51.285423Z  INFO trace_gen:system_trace_gen:generate_proving_ctxs: openvm_cuda_common::memory_manager: GPU mem: used=+3.6 MiB, current=7.8 GiB, peak=9.6 GiB, in pool=26.5 GiB (generate mem proving ctxs:boundary tracegen)
2026-07-29T08:14:51.285458Z  INFO trace_gen:system_trace_gen:generate_proving_ctxs: openvm_cuda_common::memory_manager: GPU mem: used=+4.9 MiB, current=7.8 GiB, peak=9.6 GiB, in pool=26.5 GiB (generate mem proving ctxs:dropping merkle tree)
2026-07-29T08:14:51.285558Z  INFO trace_gen:system_trace_gen:generate_proving_ctxs: openvm_cuda_common::memory_manager: GPU mem: used=-4.5 GiB, current=3.3 GiB, peak=9.6 GiB, in pool=26.5 GiB (generate mem proving ctxs)
2026-07-29T08:14:51.298889Z  INFO stark_prove_excluding_trace{phase="prover"}: openvm_stark_backend::prover: num_airs_present=21
2026-07-29T08:14:51.298923Z  INFO stark_prove_excluding_trace{phase="prover"}:prover.main_trace_commit{phase="prover"}:prover.commit{phase="prover"}:stacked_commit: openvm_cuda_common::memory_manager: GPU mem: used=+0 B, current=3.5 GiB, peak=9.6 GiB, in pool=26.5 GiB (prover.stacked_commit:before stacked_commit)
2026-07-29T08:14:51.298963Z  INFO stark_prove_excluding_trace{phase="prover"}:prover.main_trace_commit{phase="prover"}:prover.commit{phase="prover"}:stacked_commit: openvm_cuda_backend::stacked_pcs: stacked_matrix_dimensions height=16777216 width=43
2026-07-29T08:14:51.299267Z  INFO stark_prove_excluding_trace{phase="prover"}:prover.main_trace_commit{phase="prover"}:prover.commit{phase="prover"}:stacked_commit:rs_code_matrix: openvm_cuda_common::memory_manager: GPU mem: used=+5.4 GiB, current=8.9 GiB, peak=8.9 GiB, in pool=26.5 GiB (prover.rs_code_matrix)
2026-07-29T08:14:51.399277Z  INFO stark_prove_excluding_trace{phase="prover"}:prover.main_trace_commit{phase="prover"}:prover.commit{phase="prover"}:stacked_commit:merkle_tree: openvm_cuda_common::memory_manager: GPU mem: used=-5.2 GiB, current=3.7 GiB, peak=8.9 GiB, in pool=26.5 GiB (prover.merkle_tree)
2026-07-29T08:14:51.399313Z  INFO stark_prove_excluding_trace{phase="prover"}:prover.main_trace_commit{phase="prover"}:prover.commit{phase="prover"}:stacked_commit: openvm_cuda_common::memory_manager: GPU mem: used=+176.0 MiB, current=3.7 GiB, peak=8.9 GiB, in pool=26.5 GiB (prover.stacked_commit)
2026-07-29T08:14:51.399337Z  INFO stark_prove_excluding_trace{phase="prover"}:prover.main_trace_commit{phase="prover"}: openvm_stark_backend::prover::metrics: total_trace_cells = 730_150_412 (excluding preprocessed)
2026-07-29T08:14:51.399340Z  INFO stark_prove_excluding_trace{phase="prover"}:prover.main_trace_commit{phase="prover"}: openvm_stark_backend::prover::metrics: preprocessed_trace_cells = 0
2026-07-29T08:14:51.399342Z  INFO stark_prove_excluding_trace{phase="prover"}:prover.main_trace_commit{phase="prover"}: openvm_stark_backend::prover::metrics: main_trace_cells = 730_150_412
2026-07-29T08:14:51.400902Z  INFO stark_prove_excluding_trace{phase="prover"}:prover.rap_constraints{phase="prover"}:prove_zerocheck_and_logup_gpu:prover.rap_constraints.logup_gkr{phase="prover"}: openvm_cuda_backend::logup_zerocheck: n_global=25 n_logup=25
2026-07-29T08:14:51.417372Z  INFO stark_prove_excluding_trace{phase="prover"}:prover.rap_constraints{phase="prover"}:prove_zerocheck_and_logup_gpu:prover.rap_constraints.logup_gkr{phase="prover"}:fractional_sumcheck_gpu: openvm_cuda_common::memory_manager: GPU mem: used=+10.9 GiB, current=14.6 GiB, peak=14.7 GiB, in pool=26.5 GiB (prover.logup_zerocheck_prover:fractional_sumcheck_gkr: after building segment tree)
2026-07-29T08:14:51.811184Z  INFO stark_prove_excluding_trace{phase="prover"}:prover.rap_constraints{phase="prover"}:prove_zerocheck_and_logup_gpu:prover.rap_constraints.logup_gkr{phase="prover"}:fractional_sumcheck_gpu: openvm_cuda_common::memory_manager: GPU mem: used=+13.6 GiB, current=17.2 GiB, peak=17.2 GiB, in pool=26.5 GiB (prover.logup_zerocheck_prover:after_fractional_sumcheck_gkr)
2026-07-29T08:14:51.898233Z  INFO stark_prove_excluding_trace{phase="prover"}: openvm_stark_backend::prover: num_airs_present=21
2026-07-29T08:14:51.898257Z  INFO stark_prove_excluding_trace{phase="prover"}:prover.main_trace_commit{phase="prover"}:prover.commit{phase="prover"}:stacked_commit: openvm_cuda_common::memory_manager: GPU mem: used=+0 B, current=6.3 GiB, peak=6.5 GiB, in pool=26.5 GiB (prover.stacked_commit:before stacked_commit)
2026-07-29T08:14:51.898284Z  INFO stark_prove_excluding_trace{phase="prover"}:prover.main_trace_commit{phase="prover"}:prover.commit{phase="prover"}:stacked_commit: openvm_cuda_backend::stacked_pcs: stacked_matrix_dimensions height=16777216 width=43
2026-07-29T08:14:51.898559Z  INFO stark_prove_excluding_trace{phase="prover"}:prover.main_trace_commit{phase="prover"}:prover.commit{phase="prover"}:stacked_commit:rs_code_matrix: openvm_cuda_common::memory_manager: GPU mem: used=+5.4 GiB, current=11.6 GiB, peak=11.6 GiB, in pool=26.5 GiB (prover.rs_code_matrix)
2026-07-29T08:14:52.032993Z  INFO stark_prove_excluding_trace{phase="prover"}:prover.main_trace_commit{phase="prover"}:prover.commit{phase="prover"}:stacked_commit:merkle_tree: openvm_cuda_common::memory_manager: GPU mem: used=-5.2 GiB, current=6.4 GiB, peak=11.7 GiB, in pool=26.5 GiB (prover.merkle_tree)
2026-07-29T08:14:52.033047Z  INFO stark_prove_excluding_trace{phase="prover"}:prover.main_trace_commit{phase="prover"}:prover.commit{phase="prover"}:stacked_commit: openvm_cuda_common::memory_manager: GPU mem: used=+128.0 MiB, current=6.4 GiB, peak=11.7 GiB, in pool=26.5 GiB (prover.stacked_commit)
2026-07-29T08:14:52.033084Z  INFO stark_prove_excluding_trace{phase="prover"}:prover.main_trace_commit{phase="prover"}: openvm_stark_backend::prover::metrics: total_trace_cells = 730_150_412 (excluding preprocessed)
2026-07-29T08:14:52.033090Z  INFO stark_prove_excluding_trace{phase="prover"}:prover.main_trace_commit{phase="prover"}: openvm_stark_backend::prover::metrics: preprocessed_trace_cells = 0
2026-07-29T08:14:52.033094Z  INFO stark_prove_excluding_trace{phase="prover"}:prover.main_trace_commit{phase="prover"}: openvm_stark_backend::prover::metrics: main_trace_cells = 730_150_412
2026-07-29T08:14:52.041259Z  INFO stark_prove_excluding_trace{phase="prover"}:prover.rap_constraints{phase="prover"}:prove_zerocheck_and_logup_gpu:prover.rap_constraints.logup_gkr{phase="prover"}: openvm_cuda_backend::logup_zerocheck: n_global=25 n_logup=25
2026-07-29T08:14:52.062394Z  INFO stark_prove_excluding_trace{phase="prover"}:prover.rap_constraints{phase="prover"}:prove_zerocheck_and_logup_gpu:prover.rap_constraints.logup_gkr{phase="prover"}:fractional_sumcheck_gpu: openvm_cuda_common::memory_manager: GPU mem: used=+10.8 GiB, current=17.2 GiB, peak=18.3 GiB, in pool=26.5 GiB (prover.logup_zerocheck_prover:fractional_sumcheck_gkr: after building segment tree)
2026-07-29T08:14:52.221526Z  INFO stark_prove_excluding_trace{phase="prover"}:prover.rap_constraints{phase="prover"}:prove_zerocheck_and_logup_gpu:prover.rap_constraints.mle_rounds{phase="prover"}: openvm_cuda_common::memory_manager: GPU mem: used=+14.5 GiB, current=18.2 GiB, peak=20.5 GiB, in pool=26.5 GiB (prover.logup_zerocheck_prover)
2026-07-29T08:14:52.222269Z  INFO stark_prove_excluding_trace{phase="prover"}:prover.rap_constraints{phase="prover"}: openvm_cuda_common::memory_manager: GPU mem: used=+14.5 GiB, current=18.2 GiB, peak=20.5 GiB, in pool=26.5 GiB (prover.rap_constraints)
2026-07-29T08:14:52.253521Z  INFO stark_prove_excluding_trace{phase="prover"}:prover.openings{phase="prover"}:prover.openings.stacked_reduction{phase="prover"}:prover.openings.stacked_reduction.round0{phase="prover"}: openvm_cuda_common::memory_manager: GPU mem: used=+880.0 MiB, current=19.0 GiB, peak=19.0 GiB, in pool=26.5 GiB (prover.stacked_reduction_new:stacked_reduction_sumcheck round 0)
2026-07-29T08:14:52.308242Z  INFO stark_prove_excluding_trace{phase="prover"}:prover.openings{phase="prover"}:prover.openings.stacked_reduction{phase="prover"}: openvm_cuda_common::memory_manager: GPU mem: used=+3.2 MiB, current=18.2 GiB, peak=20.1 GiB, in pool=26.5 GiB (prover.stacked_reduction_new)
2026-07-29T08:14:52.308486Z  INFO stark_prove_excluding_trace{phase="prover"}:prover.openings{phase="prover"}:prover.openings.whir{phase="prover"}: openvm_cuda_common::memory_manager: GPU mem: used=+511.9 MiB, current=18.7 GiB, peak=20.1 GiB, in pool=26.5 GiB (prover.prove_whir_opening:before_whir_rounds)
2026-07-29T08:14:52.338212Z  INFO stark_prove_excluding_trace{phase="prover"}:prover.rap_constraints{phase="prover"}:prove_zerocheck_and_logup_gpu:prover.rap_constraints.logup_gkr{phase="prover"}:fractional_sumcheck_gpu: openvm_cuda_common::memory_manager: GPU mem: used=+12.2 GiB, current=18.5 GiB, peak=20.1 GiB, in pool=26.5 GiB (prover.logup_zerocheck_prover:after_fractional_sumcheck_gkr)
2026-07-29T08:14:52.338329Z  INFO stark_prove_excluding_trace{phase="prover"}:prover.openings{phase="prover"}:prover.openings.whir{phase="prover"}:merkle_tree: openvm_cuda_common::memory_manager: GPU mem: used=-11.8 GiB, current=6.7 GiB, peak=6.7 GiB, in pool=26.5 GiB (prover.merkle_tree)
2026-07-29T08:14:52.342677Z  INFO stark_prove_excluding_trace{phase="prover"}:prover.openings{phase="prover"}:prover.openings.whir{phase="prover"}:rs_code_matrix: openvm_cuda_common::memory_manager: GPU mem: used=+5.4 GiB, current=12.1 GiB, peak=12.1 GiB, in pool=26.5 GiB (prover.rs_code_matrix)
2026-07-29T08:14:52.343067Z  INFO stark_prove_excluding_trace{phase="prover"}:prover.openings{phase="prover"}:prover.openings.whir{phase="prover"}:rs_code_matrix: openvm_cuda_common::memory_manager: GPU mem: used=+128.0 MiB, current=9.5 GiB, peak=9.5 GiB, in pool=26.5 GiB (prover.rs_code_matrix)
2026-07-29T08:14:52.441524Z  INFO stark_prove_excluding_trace{phase="prover"}:prover.openings{phase="prover"}:prover.openings.whir{phase="prover"}: openvm_cuda_common::memory_manager: GPU mem: used=-8.8 GiB, current=9.4 GiB, peak=10.2 GiB, in pool=26.5 GiB (prover.prove_whir_opening:after_initial_whir_round)
2026-07-29T08:14:52.471336Z  INFO stark_prove_excluding_trace{phase="prover"}:prover.openings{phase="prover"}:prover.openings.whir{phase="prover"}:merkle_tree: openvm_cuda_common::memory_manager: GPU mem: used=+32.0 MiB, current=4.0 GiB, peak=10.2 GiB, in pool=26.5 GiB (prover.merkle_tree)
2026-07-29T08:14:52.482009Z  INFO stark_prove_excluding_trace{phase="prover"}:prover.openings{phase="prover"}:prover.openings.whir{phase="prover"}:merkle_tree: openvm_cuda_common::memory_manager: GPU mem: used=+12.0 MiB, current=3.8 GiB, peak=10.2 GiB, in pool=26.5 GiB (prover.merkle_tree)
2026-07-29T08:14:52.488980Z  INFO stark_prove_excluding_trace{phase="prover"}:prover.openings{phase="prover"}:prover.openings.whir{phase="prover"}: openvm_cuda_common::memory_manager: GPU mem: used=-14.7 GiB, current=3.5 GiB, peak=10.2 GiB, in pool=26.5 GiB (prover.prove_whir_opening)
2026-07-29T08:14:52.488995Z  INFO stark_prove_excluding_trace{phase="prover"}:prover.openings{phase="prover"}: openvm_cuda_common::memory_manager: GPU mem: used=-14.7 GiB, current=3.5 GiB, peak=3.5 GiB, in pool=26.5 GiB (prover.openings)
2026-07-29T08:14:52.489003Z  INFO edge_worker::provers::sharded_app_prover::real_impl: Consumer: proved segment 22 (2443ms)
2026-07-29T08:14:52.489566Z  INFO edge_worker::provers::sharded_app_prover::real_impl: Consumer: proving segment 24
2026-07-29T08:14:52.489614Z  INFO edge_worker::handlers: Streaming result 23 for proof repro-01 (worker_id=0)
2026-07-29T08:14:52.750952Z  INFO execute_metered: openvm_circuit::arch::execution_mode::metered::segment_ctx: overshoot: instret  457034000 | total memory (15.4 GiB) > max (15.0 GiB) | main (2.9 GiB) | interaction (12.5 GiB)
2026-07-29T08:14:52.751008Z  INFO execute_metered: openvm_circuit::arch::execution_mode::metered::segment_ctx: Segment  29 | instret  441640000 | 15393000 instructions | 14.9 GiB memory (2.8 GiB, 12.1 GiB) |  286250547 interactions |  8388608 max height (VmAirWrapper<Rv32BaseAluAdapterAir, BaseAluCoreAir<4, 8>) | 80.51% memory util
2026-07-29T08:14:52.751164Z  INFO edge_worker::provers::sharded_app_prover::real_impl: Executor (parallel): sending segment 29 for proving
2026-07-29T08:14:52.762031Z  INFO vm.transport_init_memory:set_initial_memory: openvm_cuda_common::memory_manager: GPU mem: used=+4.5 GiB, current=10.0 GiB, peak=10.0 GiB, in pool=26.5 GiB (set initial memory)
2026-07-29T08:14:52.837469Z  INFO stark_prove_excluding_trace{phase="prover"}:prover.rap_constraints{phase="prover"}:prove_zerocheck_and_logup_gpu:prover.rap_constraints.mle_rounds{phase="prover"}: openvm_cuda_common::memory_manager: GPU mem: used=+1.6 GiB, current=8.0 GiB, peak=10.0 GiB, in pool=26.5 GiB (prover.logup_zerocheck_prover)
2026-07-29T08:14:52.838966Z  INFO stark_prove_excluding_trace{phase="prover"}:prover.rap_constraints{phase="prover"}: openvm_cuda_common::memory_manager: GPU mem: used=+1.6 GiB, current=8.0 GiB, peak=10.0 GiB, in pool=26.5 GiB (prover.rap_constraints)
2026-07-29T08:14:52.853545Z  INFO stark_prove_excluding_trace{phase="prover"}:prover.openings{phase="prover"}:prover.openings.stacked_reduction{phase="prover"}:prover.openings.stacked_reduction.round0{phase="prover"}: openvm_cuda_common::memory_manager: GPU mem: used=+880.1 MiB, current=8.8 GiB, peak=8.8 GiB, in pool=26.5 GiB (prover.stacked_reduction_new:stacked_reduction_sumcheck round 0)
2026-07-29T08:14:52.864539Z  INFO stark_prove_excluding_trace{phase="prover"}:prover.openings{phase="prover"}:prover.openings.stacked_reduction{phase="prover"}: openvm_cuda_common::memory_manager: GPU mem: used=+0 B, current=8.0 GiB, peak=9.9 GiB, in pool=26.5 GiB (prover.stacked_reduction_new)
2026-07-29T08:14:52.864815Z  INFO stark_prove_excluding_trace{phase="prover"}:prover.openings{phase="prover"}:prover.openings.whir{phase="prover"}: openvm_cuda_common::memory_manager: GPU mem: used=+512.0 MiB, current=8.5 GiB, peak=9.9 GiB, in pool=26.5 GiB (prover.prove_whir_opening:before_whir_rounds)
2026-07-29T08:14:52.882601Z  INFO stark_prove_excluding_trace{phase="prover"}:prover.openings{phase="prover"}:prover.openings.whir{phase="prover"}:merkle_tree: openvm_cuda_common::memory_manager: GPU mem: used=+64.0 MiB, current=8.3 GiB, peak=9.9 GiB, in pool=26.5 GiB (prover.merkle_tree)
2026-07-29T08:14:52.885918Z  INFO stark_prove_excluding_trace{phase="prover"}:prover.openings{phase="prover"}:prover.openings.whir{phase="prover"}:rs_code_matrix: openvm_cuda_common::memory_manager: GPU mem: used=+5.4 GiB, current=13.7 GiB, peak=13.7 GiB, in pool=26.5 GiB (prover.rs_code_matrix)
2026-07-29T08:14:52.886049Z  INFO stark_prove_excluding_trace{phase="prover"}:prover.openings{phase="prover"}:prover.openings.whir{phase="prover"}:rs_code_matrix: openvm_cuda_common::memory_manager: GPU mem: used=+128.0 MiB, current=11.1 GiB, peak=11.1 GiB, in pool=26.5 GiB (prover.rs_code_matrix)
2026-07-29T08:14:52.940972Z  INFO stark_prove_excluding_trace{phase="prover"}:prover.openings{phase="prover"}:prover.openings.whir{phase="prover"}: openvm_cuda_common::memory_manager: GPU mem: used=+3.0 GiB, current=11.0 GiB, peak=11.1 GiB, in pool=26.5 GiB (prover.prove_whir_opening:after_initial_whir_round)
2026-07-29T08:14:52.949023Z  INFO stark_prove_excluding_trace{phase="prover"}:prover.openings{phase="prover"}:prover.openings.whir{phase="prover"}:merkle_tree: openvm_cuda_common::memory_manager: GPU mem: used=+32.0 MiB, current=5.6 GiB, peak=11.1 GiB, in pool=26.5 GiB (prover.merkle_tree)
2026-07-29T08:14:52.953029Z  INFO stark_prove_excluding_trace{phase="prover"}:prover.openings{phase="prover"}:prover.openings.whir{phase="prover"}:merkle_tree: openvm_cuda_common::memory_manager: GPU mem: used=+16.0 MiB, current=5.3 GiB, peak=11.1 GiB, in pool=26.5 GiB (prover.merkle_tree)
2026-07-29T08:14:52.956235Z  INFO stark_prove_excluding_trace{phase="prover"}:prover.openings{phase="prover"}:prover.openings.whir{phase="prover"}: openvm_cuda_common::memory_manager: GPU mem: used=-2.9 GiB, current=5.1 GiB, peak=11.1 GiB, in pool=26.5 GiB (prover.prove_whir_opening)
2026-07-29T08:14:52.956275Z  INFO stark_prove_excluding_trace{phase="prover"}:prover.openings{phase="prover"}: openvm_cuda_common::memory_manager: GPU mem: used=-2.9 GiB, current=5.1 GiB, peak=5.1 GiB, in pool=26.5 GiB (prover.openings)
2026-07-29T08:14:52.957264Z  INFO edge_worker::provers::sharded_app_prover::real_impl: Coordinator-consumer: proved segment 23 (2490ms)
2026-07-29T08:14:52.957285Z  INFO edge_worker::provers::sharded_app_prover::real_impl: Coordinator-consumer: proving segment 25
2026-07-29T08:14:52.957358Z  INFO edge_worker::handlers: Streaming result 24 for proof repro-01 (worker_id=0)
2026-07-29T08:14:53.235525Z  INFO execute_metered: openvm_circuit::arch::execution_mode::metered::segment_ctx: overshoot: instret  472427000 | total memory (15.4 GiB) > max (15.0 GiB) | main (2.9 GiB) | interaction (12.5 GiB)
2026-07-29T08:14:53.235577Z  INFO execute_metered: openvm_circuit::arch::execution_mode::metered::segment_ctx: Segment  30 | instret  457033000 | 15393000 instructions | 14.9 GiB memory (2.8 GiB, 12.1 GiB) |  286248995 interactions |  8388608 max height (VmAirWrapper<Rv32BaseAluAdapterAir, BaseAluCoreAir<4, 8>) | 80.51% memory util
2026-07-29T08:14:53.235776Z  INFO edge_worker::provers::sharded_app_prover::real_impl: Executor (parallel): sending segment 30 for proving
2026-07-29T08:14:53.257516Z  INFO vm.transport_init_memory:set_initial_memory: openvm_cuda_common::memory_manager: GPU mem: used=+4.5 GiB, current=9.6 GiB, peak=9.6 GiB, in pool=26.5 GiB (set initial memory)
2026-07-29T08:14:53.301557Z  INFO trace_gen:system_trace_gen:generate_proving_ctxs: openvm_cuda_common::memory_manager: GPU mem: used=+2.5 MiB, current=9.6 GiB, peak=9.6 GiB, in pool=26.5 GiB (generate mem proving ctxs:merkle update)
2026-07-29T08:14:53.308321Z  INFO trace_gen:system_trace_gen:generate_proving_ctxs: openvm_cuda_common::memory_manager: GPU mem: used=+3.6 MiB, current=9.6 GiB, peak=9.6 GiB, in pool=26.5 GiB (generate mem proving ctxs:boundary tracegen)
2026-07-29T08:14:53.308345Z  INFO trace_gen:system_trace_gen:generate_proving_ctxs: openvm_cuda_common::memory_manager: GPU mem: used=+4.9 MiB, current=9.6 GiB, peak=9.6 GiB, in pool=26.5 GiB (generate mem proving ctxs:dropping merkle tree)
2026-07-29T08:14:53.308449Z  INFO trace_gen:system_trace_gen:generate_proving_ctxs: openvm_cuda_common::memory_manager: GPU mem: used=-4.5 GiB, current=5.1 GiB, peak=9.6 GiB, in pool=26.5 GiB (generate mem proving ctxs)
2026-07-29T08:14:53.781552Z  INFO stark_prove_excluding_trace{phase="prover"}: openvm_stark_backend::prover: num_airs_present=21
2026-07-29T08:14:53.781582Z  INFO stark_prove_excluding_trace{phase="prover"}:prover.main_trace_commit{phase="prover"}:prover.commit{phase="prover"}:stacked_commit: openvm_cuda_common::memory_manager: GPU mem: used=+0 B, current=7.8 GiB, peak=9.6 GiB, in pool=26.5 GiB (prover.stacked_commit:before stacked_commit)
2026-07-29T08:14:53.781606Z  INFO stark_prove_excluding_trace{phase="prover"}:prover.main_trace_commit{phase="prover"}:prover.commit{phase="prover"}:stacked_commit: openvm_cuda_backend::stacked_pcs: stacked_matrix_dimensions height=16777216 width=43
2026-07-29T08:14:53.781897Z  INFO stark_prove_excluding_trace{phase="prover"}:prover.main_trace_commit{phase="prover"}:prover.commit{phase="prover"}:stacked_commit:rs_code_matrix: openvm_cuda_common::memory_manager: GPU mem: used=+5.4 GiB, current=13.2 GiB, peak=13.2 GiB, in pool=26.5 GiB (prover.rs_code_matrix)
2026-07-29T08:14:53.882085Z  INFO stark_prove_excluding_trace{phase="prover"}:prover.main_trace_commit{phase="prover"}:prover.commit{phase="prover"}:stacked_commit:merkle_tree: openvm_cuda_common::memory_manager: GPU mem: used=-5.3 GiB, current=8.0 GiB, peak=13.3 GiB, in pool=26.5 GiB (prover.merkle_tree)
2026-07-29T08:14:53.882143Z  INFO stark_prove_excluding_trace{phase="prover"}:prover.main_trace_commit{phase="prover"}:prover.commit{phase="prover"}:stacked_commit: openvm_cuda_common::memory_manager: GPU mem: used=+128.0 MiB, current=8.0 GiB, peak=13.3 GiB, in pool=26.5 GiB (prover.stacked_commit)
2026-07-29T08:14:53.882182Z  INFO stark_prove_excluding_trace{phase="prover"}:prover.main_trace_commit{phase="prover"}: openvm_stark_backend::prover::metrics: total_trace_cells = 730_150_412 (excluding preprocessed)
2026-07-29T08:14:53.882189Z  INFO stark_prove_excluding_trace{phase="prover"}:prover.main_trace_commit{phase="prover"}: openvm_stark_backend::prover::metrics: preprocessed_trace_cells = 0
2026-07-29T08:14:53.882192Z  INFO stark_prove_excluding_trace{phase="prover"}:prover.main_trace_commit{phase="prover"}: openvm_stark_backend::prover::metrics: main_trace_cells = 730_150_412
2026-07-29T08:14:53.882678Z  INFO stark_prove_excluding_trace{phase="prover"}:prover.rap_constraints{phase="prover"}:prove_zerocheck_and_logup_gpu:prover.rap_constraints.logup_gkr{phase="prover"}: openvm_cuda_backend::logup_zerocheck: n_global=25 n_logup=25
2026-07-29T08:14:53.883340Z  INFO stark_prove_excluding_trace{phase="prover"}:prover.rap_constraints{phase="prover"}:prove_zerocheck_and_logup_gpu:prover.rap_constraints.logup_gkr{phase="prover"}:fractional_sumcheck_gpu: openvm_cuda_common::memory_manager: GPU mem: used=+10.8 GiB, current=18.8 GiB, peak=18.9 GiB, in pool=26.5 GiB (prover.logup_zerocheck_prover:fractional_sumcheck_gkr: after building segment tree)
2026-07-29T08:14:53.979376Z  INFO trace_gen:system_trace_gen:generate_proving_ctxs: openvm_cuda_common::memory_manager: GPU mem: used=+1.0 GiB, current=19.8 GiB, peak=19.8 GiB, in pool=26.5 GiB (generate mem proving ctxs:merkle update)
2026-07-29T08:14:53.981062Z  INFO trace_gen:system_trace_gen:generate_proving_ctxs: openvm_cuda_common::memory_manager: GPU mem: used=+1.0 GiB, current=19.8 GiB, peak=19.8 GiB, in pool=26.5 GiB (generate mem proving ctxs:boundary tracegen)
2026-07-29T08:14:53.981100Z  INFO trace_gen:system_trace_gen:generate_proving_ctxs: openvm_cuda_common::memory_manager: GPU mem: used=+1.0 GiB, current=19.8 GiB, peak=19.8 GiB, in pool=26.5 GiB (generate mem proving ctxs:dropping merkle tree)
2026-07-29T08:14:53.981385Z  INFO trace_gen:system_trace_gen:generate_proving_ctxs: openvm_cuda_common::memory_manager: GPU mem: used=-3.5 GiB, current=15.3 GiB, peak=19.8 GiB, in pool=26.5 GiB (generate mem proving ctxs)
2026-07-29T08:14:54.200050Z  INFO stark_prove_excluding_trace{phase="prover"}:prover.rap_constraints{phase="prover"}:prove_zerocheck_and_logup_gpu:prover.rap_constraints.logup_gkr{phase="prover"}:fractional_sumcheck_gpu: openvm_cuda_common::memory_manager: GPU mem: used=+8.8 GiB, current=16.7 GiB, peak=19.8 GiB, in pool=26.5 GiB (prover.logup_zerocheck_prover:after_fractional_sumcheck_gkr)
2026-07-29T08:14:54.429755Z  INFO stark_prove_excluding_trace{phase="prover"}: openvm_stark_backend::prover: num_airs_present=21
2026-07-29T08:14:54.429797Z  INFO stark_prove_excluding_trace{phase="prover"}:prover.main_trace_commit{phase="prover"}:prover.commit{phase="prover"}:stacked_commit: openvm_cuda_common::memory_manager: GPU mem: used=+0 B, current=6.3 GiB, peak=7.0 GiB, in pool=26.5 GiB (prover.stacked_commit:before stacked_commit)
2026-07-29T08:14:54.429830Z  INFO stark_prove_excluding_trace{phase="prover"}:prover.main_trace_commit{phase="prover"}:prover.commit{phase="prover"}:stacked_commit: openvm_cuda_backend::stacked_pcs: stacked_matrix_dimensions height=16777216 width=43
2026-07-29T08:14:54.430415Z  INFO stark_prove_excluding_trace{phase="prover"}:prover.main_trace_commit{phase="prover"}:prover.commit{phase="prover"}:stacked_commit:rs_code_matrix: openvm_cuda_common::memory_manager: GPU mem: used=+5.4 GiB, current=11.6 GiB, peak=11.6 GiB, in pool=26.5 GiB (prover.rs_code_matrix)
2026-07-29T08:14:54.549454Z  INFO stark_prove_excluding_trace{phase="prover"}:prover.main_trace_commit{phase="prover"}:prover.commit{phase="prover"}:stacked_commit:merkle_tree: openvm_cuda_common::memory_manager: GPU mem: used=-5.2 GiB, current=6.4 GiB, peak=11.7 GiB, in pool=26.5 GiB (prover.merkle_tree)
2026-07-29T08:14:54.549515Z  INFO stark_prove_excluding_trace{phase="prover"}:prover.main_trace_commit{phase="prover"}:prover.commit{phase="prover"}:stacked_commit: openvm_cuda_common::memory_manager: GPU mem: used=+128.0 MiB, current=6.4 GiB, peak=11.7 GiB, in pool=26.5 GiB (prover.stacked_commit)
2026-07-29T08:14:54.549540Z  INFO stark_prove_excluding_trace{phase="prover"}:prover.main_trace_commit{phase="prover"}: openvm_stark_backend::prover::metrics: total_trace_cells = 730_150_412 (excluding preprocessed)
2026-07-29T08:14:54.549543Z  INFO stark_prove_excluding_trace{phase="prover"}:prover.main_trace_commit{phase="prover"}: openvm_stark_backend::prover::metrics: preprocessed_trace_cells = 0
2026-07-29T08:14:54.549545Z  INFO stark_prove_excluding_trace{phase="prover"}:prover.main_trace_commit{phase="prover"}: openvm_stark_backend::prover::metrics: main_trace_cells = 730_150_412
2026-07-29T08:14:54.549758Z  INFO stark_prove_excluding_trace{phase="prover"}:prover.rap_constraints{phase="prover"}:prove_zerocheck_and_logup_gpu:prover.rap_constraints.logup_gkr{phase="prover"}: openvm_cuda_backend::logup_zerocheck: n_global=25 n_logup=25
2026-07-29T08:14:54.557991Z  INFO stark_prove_excluding_trace{phase="prover"}:prover.rap_constraints{phase="prover"}:prove_zerocheck_and_logup_gpu:prover.rap_constraints.logup_gkr{phase="prover"}:fractional_sumcheck_gpu: openvm_cuda_common::memory_manager: GPU mem: used=+10.9 GiB, current=17.2 GiB, peak=17.3 GiB, in pool=26.5 GiB (prover.logup_zerocheck_prover:fractional_sumcheck_gkr: after building segment tree)
2026-07-29T08:14:54.722037Z  INFO stark_prove_excluding_trace{phase="prover"}:prover.rap_constraints{phase="prover"}:prove_zerocheck_and_logup_gpu:prover.rap_constraints.mle_rounds{phase="prover"}: openvm_cuda_common::memory_manager: GPU mem: used=+10.2 GiB, current=18.2 GiB, peak=20.5 GiB, in pool=26.5 GiB (prover.logup_zerocheck_prover)
2026-07-29T08:14:54.723688Z  INFO stark_prove_excluding_trace{phase="prover"}:prover.rap_constraints{phase="prover"}: openvm_cuda_common::memory_manager: GPU mem: used=+10.2 GiB, current=18.2 GiB, peak=20.5 GiB, in pool=26.5 GiB (prover.rap_constraints)
2026-07-29T08:14:54.761545Z  INFO stark_prove_excluding_trace{phase="prover"}:prover.openings{phase="prover"}:prover.openings.stacked_reduction{phase="prover"}:prover.openings.stacked_reduction.round0{phase="prover"}: openvm_cuda_common::memory_manager: GPU mem: used=+881.1 MiB, current=19.0 GiB, peak=19.0 GiB, in pool=26.5 GiB (prover.stacked_reduction_new:stacked_reduction_sumcheck round 0)
2026-07-29T08:14:54.813530Z  INFO stark_prove_excluding_trace{phase="prover"}:prover.rap_constraints{phase="prover"}:prove_zerocheck_and_logup_gpu:prover.rap_constraints.logup_gkr{phase="prover"}:fractional_sumcheck_gpu: openvm_cuda_common::memory_manager: GPU mem: used=+12.7 GiB, current=19.0 GiB, peak=20.1 GiB, in pool=26.5 GiB (prover.logup_zerocheck_prover:after_fractional_sumcheck_gkr)
2026-07-29T08:14:54.833899Z  INFO stark_prove_excluding_trace{phase="prover"}:prover.openings{phase="prover"}:prover.openings.stacked_reduction{phase="prover"}: openvm_cuda_common::memory_manager: GPU mem: used=-11.8 GiB, current=6.4 GiB, peak=7.3 GiB, in pool=26.5 GiB (prover.stacked_reduction_new)
2026-07-29T08:14:54.858857Z  INFO stark_prove_excluding_trace{phase="prover"}:prover.openings{phase="prover"}:prover.openings.whir{phase="prover"}: openvm_cuda_common::memory_manager: GPU mem: used=+512.0 MiB, current=6.9 GiB, peak=7.6 GiB, in pool=26.5 GiB (prover.prove_whir_opening:before_whir_rounds)
2026-07-29T08:14:54.913512Z  INFO stark_prove_excluding_trace{phase="prover"}:prover.openings{phase="prover"}:prover.openings.whir{phase="prover"}:merkle_tree: openvm_cuda_common::memory_manager: GPU mem: used=+64.0 MiB, current=6.7 GiB, peak=8.3 GiB, in pool=26.5 GiB (prover.merkle_tree)
2026-07-29T08:14:54.916237Z  INFO stark_prove_excluding_trace{phase="prover"}:prover.openings{phase="prover"}:prover.openings.whir{phase="prover"}:rs_code_matrix: openvm_cuda_common::memory_manager: GPU mem: used=+5.3 GiB, current=12.1 GiB, peak=12.2 GiB, in pool=26.5 GiB (prover.rs_code_matrix)
2026-07-29T08:14:54.922932Z  INFO stark_prove_excluding_trace{phase="prover"}:prover.openings{phase="prover"}:prover.openings.whir{phase="prover"}:rs_code_matrix: openvm_cuda_common::memory_manager: GPU mem: used=+128.0 MiB, current=9.5 GiB, peak=9.5 GiB, in pool=26.5 GiB (prover.rs_code_matrix)
2026-07-29T08:14:54.974326Z  INFO stark_prove_excluding_trace{phase="prover"}:prover.openings{phase="prover"}:prover.openings.whir{phase="prover"}: openvm_cuda_common::memory_manager: GPU mem: used=+3.0 GiB, current=9.4 GiB, peak=9.5 GiB, in pool=26.5 GiB (prover.prove_whir_opening:after_initial_whir_round)
2026-07-29T08:14:54.982342Z  INFO stark_prove_excluding_trace{phase="prover"}:prover.openings{phase="prover"}:prover.openings.whir{phase="prover"}:merkle_tree: openvm_cuda_common::memory_manager: GPU mem: used=+32.0 MiB, current=4.0 GiB, peak=9.5 GiB, in pool=26.5 GiB (prover.merkle_tree)
2026-07-29T08:14:54.994911Z  INFO stark_prove_excluding_trace{phase="prover"}:prover.openings{phase="prover"}:prover.openings.whir{phase="prover"}:merkle_tree: openvm_cuda_common::memory_manager: GPU mem: used=+326.6 MiB, current=6.0 GiB, peak=9.5 GiB, in pool=26.5 GiB (prover.merkle_tree)
2026-07-29T08:14:55.011640Z  INFO stark_prove_excluding_trace{phase="prover"}:prover.openings{phase="prover"}:prover.openings.whir{phase="prover"}: openvm_cuda_common::memory_manager: GPU mem: used=-2.8 GiB, current=3.6 GiB, peak=9.5 GiB, in pool=26.5 GiB (prover.prove_whir_opening)
2026-07-29T08:14:55.011689Z  INFO stark_prove_excluding_trace{phase="prover"}:prover.openings{phase="prover"}: openvm_cuda_common::memory_manager: GPU mem: used=-14.6 GiB, current=3.6 GiB, peak=3.6 GiB, in pool=26.5 GiB (prover.openings)
2026-07-29T08:14:55.011706Z  INFO edge_worker::provers::sharded_app_prover::real_impl: Consumer: proved segment 24 (2522ms)
2026-07-29T08:14:55.012379Z  INFO edge_worker::provers::sharded_app_prover::real_impl: Consumer: proving segment 26
2026-07-29T08:14:55.012415Z  INFO edge_worker::handlers: Streaming result 25 for proof repro-01 (worker_id=0)
2026-07-29T08:14:55.023136Z  INFO stark_prove_excluding_trace{phase="prover"}:prover.rap_constraints{phase="prover"}:prove_zerocheck_and_logup_gpu:prover.rap_constraints.mle_rounds{phase="prover"}: openvm_cuda_common::memory_manager: GPU mem: used=-2.9 GiB, current=3.5 GiB, peak=3.8 GiB, in pool=26.5 GiB (prover.logup_zerocheck_prover)
2026-07-29T08:14:55.024363Z  INFO stark_prove_excluding_trace{phase="prover"}:prover.rap_constraints{phase="prover"}: openvm_cuda_common::memory_manager: GPU mem: used=-2.9 GiB, current=3.5 GiB, peak=3.8 GiB, in pool=26.5 GiB (prover.rap_constraints)
2026-07-29T08:14:55.039430Z  INFO stark_prove_excluding_trace{phase="prover"}:prover.openings{phase="prover"}:prover.openings.stacked_reduction{phase="prover"}:prover.openings.stacked_reduction.round0{phase="prover"}: openvm_cuda_common::memory_manager: GPU mem: used=+1.4 GiB, current=4.8 GiB, peak=4.8 GiB, in pool=26.5 GiB (prover.stacked_reduction_new:stacked_reduction_sumcheck round 0)
2026-07-29T08:14:55.176399Z  INFO execute_metered: openvm_circuit::arch::execution_mode::metered::segment_ctx: overshoot: instret  487821000 | total memory (15.4 GiB) > max (15.0 GiB) | main (2.9 GiB) | interaction (12.5 GiB)
2026-07-29T08:14:55.176441Z  INFO execute_metered: openvm_circuit::arch::execution_mode::metered::segment_ctx: Segment  31 | instret  472426000 | 15394000 instructions | 14.9 GiB memory (2.8 GiB, 12.1 GiB) |  286264496 interactions |  8388608 max height (VmAirWrapper<Rv32BaseAluAdapterAir, BaseAluCoreAir<4, 8>) | 80.51% memory util
2026-07-29T08:14:55.176526Z  INFO edge_worker::provers::sharded_app_prover::real_impl: Executor (parallel): sending segment 31 for proving
2026-07-29T08:14:55.282390Z  INFO vm.transport_init_memory:set_initial_memory: openvm_cuda_common::memory_manager: GPU mem: used=+4.9 GiB, current=9.2 GiB, peak=9.2 GiB, in pool=26.5 GiB (set initial memory)
2026-07-29T08:14:55.334244Z  INFO stark_prove_excluding_trace{phase="prover"}:prover.openings{phase="prover"}:prover.openings.stacked_reduction{phase="prover"}: openvm_cuda_common::memory_manager: GPU mem: used=+4.5 GiB, current=8.0 GiB, peak=9.4 GiB, in pool=26.5 GiB (prover.stacked_reduction_new)
2026-07-29T08:14:55.334413Z  INFO stark_prove_excluding_trace{phase="prover"}:prover.openings{phase="prover"}:prover.openings.whir{phase="prover"}: openvm_cuda_common::memory_manager: GPU mem: used=+512.0 MiB, current=8.5 GiB, peak=9.4 GiB, in pool=26.5 GiB (prover.prove_whir_opening:before_whir_rounds)
2026-07-29T08:14:55.352356Z  INFO stark_prove_excluding_trace{phase="prover"}:prover.openings{phase="prover"}:prover.openings.whir{phase="prover"}:merkle_tree: openvm_cuda_common::memory_manager: GPU mem: used=+64.0 MiB, current=8.3 GiB, peak=9.4 GiB, in pool=26.5 GiB (prover.merkle_tree)
2026-07-29T08:14:55.354378Z  INFO stark_prove_excluding_trace{phase="prover"}:prover.openings{phase="prover"}:prover.openings.whir{phase="prover"}:rs_code_matrix: openvm_cuda_common::memory_manager: GPU mem: used=+5.4 GiB, current=13.7 GiB, peak=13.7 GiB, in pool=26.5 GiB (prover.rs_code_matrix)
2026-07-29T08:14:55.354426Z  INFO stark_prove_excluding_trace{phase="prover"}:prover.openings{phase="prover"}:prover.openings.whir{phase="prover"}:rs_code_matrix: openvm_cuda_common::memory_manager: GPU mem: used=+128.0 MiB, current=11.1 GiB, peak=11.1 GiB, in pool=26.5 GiB (prover.rs_code_matrix)
2026-07-29T08:14:55.409906Z  INFO stark_prove_excluding_trace{phase="prover"}:prover.openings{phase="prover"}:prover.openings.whir{phase="prover"}: openvm_cuda_common::memory_manager: GPU mem: used=+3.0 GiB, current=11.0 GiB, peak=11.1 GiB, in pool=26.5 GiB (prover.prove_whir_opening:after_initial_whir_round)
2026-07-29T08:14:55.417646Z  INFO stark_prove_excluding_trace{phase="prover"}:prover.openings{phase="prover"}:prover.openings.whir{phase="prover"}:merkle_tree: openvm_cuda_common::memory_manager: GPU mem: used=+32.0 MiB, current=5.6 GiB, peak=11.1 GiB, in pool=26.5 GiB (prover.merkle_tree)
2026-07-29T08:14:55.422108Z  INFO stark_prove_excluding_trace{phase="prover"}:prover.openings{phase="prover"}:prover.openings.whir{phase="prover"}:merkle_tree: openvm_cuda_common::memory_manager: GPU mem: used=+16.0 MiB, current=5.3 GiB, peak=11.1 GiB, in pool=26.5 GiB (prover.merkle_tree)
2026-07-29T08:14:55.423816Z  INFO stark_prove_excluding_trace{phase="prover"}:prover.openings{phase="prover"}:prover.openings.whir{phase="prover"}: openvm_cuda_common::memory_manager: GPU mem: used=-2.9 GiB, current=5.1 GiB, peak=11.1 GiB, in pool=26.5 GiB (prover.prove_whir_opening)
2026-07-29T08:14:55.423823Z  INFO stark_prove_excluding_trace{phase="prover"}:prover.openings{phase="prover"}: openvm_cuda_common::memory_manager: GPU mem: used=+1.6 GiB, current=5.1 GiB, peak=5.1 GiB, in pool=26.5 GiB (prover.openings)
2026-07-29T08:14:55.424304Z  INFO edge_worker::provers::sharded_app_prover::real_impl: Coordinator-consumer: proved segment 25 (2466ms)
2026-07-29T08:14:55.424317Z  INFO edge_worker::provers::sharded_app_prover::real_impl: Coordinator-consumer: proving segment 27
2026-07-29T08:14:55.424358Z  INFO edge_worker::handlers: Streaming result 26 for proof repro-01 (worker_id=0)
2026-07-29T08:14:55.634731Z  INFO execute_metered: openvm_circuit::arch::execution_mode::metered::segment_ctx: overshoot: instret  503215000 | total memory (15.4 GiB) > max (15.0 GiB) | main (2.9 GiB) | interaction (12.5 GiB)
2026-07-29T08:14:55.634785Z  INFO execute_metered: openvm_circuit::arch::execution_mode::metered::segment_ctx: Segment  32 | instret  487820000 | 15394000 instructions | 14.9 GiB memory (2.8 GiB, 12.1 GiB) |  286270410 interactions |  8388608 max height (VmAirWrapper<Rv32BaseAluAdapterAir, BaseAluCoreAir<4, 8>) | 80.52% memory util
2026-07-29T08:14:55.634909Z  INFO edge_worker::provers::sharded_app_prover::real_impl: Executor (parallel): sending segment 32 for proving
2026-07-29T08:14:55.708398Z  INFO vm.transport_init_memory:set_initial_memory: openvm_cuda_common::memory_manager: GPU mem: used=+4.5 GiB, current=9.6 GiB, peak=9.6 GiB, in pool=26.5 GiB (set initial memory)
2026-07-29T08:14:55.801327Z  INFO trace_gen:system_trace_gen:generate_proving_ctxs: openvm_cuda_common::memory_manager: GPU mem: used=+2.5 MiB, current=9.6 GiB, peak=9.6 GiB, in pool=26.5 GiB (generate mem proving ctxs:merkle update)
2026-07-29T08:14:55.802756Z  INFO trace_gen:system_trace_gen:generate_proving_ctxs: openvm_cuda_common::memory_manager: GPU mem: used=+3.6 MiB, current=9.6 GiB, peak=9.6 GiB, in pool=26.5 GiB (generate mem proving ctxs:boundary tracegen)
2026-07-29T08:14:55.802769Z  INFO trace_gen:system_trace_gen:generate_proving_ctxs: openvm_cuda_common::memory_manager: GPU mem: used=+4.9 MiB, current=9.6 GiB, peak=9.6 GiB, in pool=26.5 GiB (generate mem proving ctxs:dropping merkle tree)
2026-07-29T08:14:55.802862Z  INFO trace_gen:system_trace_gen:generate_proving_ctxs: openvm_cuda_common::memory_manager: GPU mem: used=-4.5 GiB, current=5.1 GiB, peak=9.6 GiB, in pool=26.5 GiB (generate mem proving ctxs)
2026-07-29T08:14:56.239956Z  INFO trace_gen:system_trace_gen:generate_proving_ctxs: openvm_cuda_common::memory_manager: GPU mem: used=+2.5 MiB, current=7.8 GiB, peak=9.6 GiB, in pool=26.5 GiB (generate mem proving ctxs:merkle update)
2026-07-29T08:14:56.241472Z  INFO trace_gen:system_trace_gen:generate_proving_ctxs: openvm_cuda_common::memory_manager: GPU mem: used=+3.6 MiB, current=7.8 GiB, peak=9.6 GiB, in pool=26.5 GiB (generate mem proving ctxs:boundary tracegen)
2026-07-29T08:14:56.241502Z  INFO trace_gen:system_trace_gen:generate_proving_ctxs: openvm_cuda_common::memory_manager: GPU mem: used=+4.9 MiB, current=7.8 GiB, peak=9.6 GiB, in pool=26.5 GiB (generate mem proving ctxs:dropping merkle tree)
2026-07-29T08:14:56.241597Z  INFO trace_gen:system_trace_gen:generate_proving_ctxs: openvm_cuda_common::memory_manager: GPU mem: used=-4.5 GiB, current=3.3 GiB, peak=9.6 GiB, in pool=26.5 GiB (generate mem proving ctxs)
2026-07-29T08:14:56.295535Z  INFO stark_prove_excluding_trace{phase="prover"}: openvm_stark_backend::prover: num_airs_present=21
2026-07-29T08:14:56.295571Z  INFO stark_prove_excluding_trace{phase="prover"}:prover.main_trace_commit{phase="prover"}:prover.commit{phase="prover"}:stacked_commit: openvm_cuda_common::memory_manager: GPU mem: used=+0 B, current=3.6 GiB, peak=9.6 GiB, in pool=26.5 GiB (prover.stacked_commit:before stacked_commit)
2026-07-29T08:14:56.295622Z  INFO stark_prove_excluding_trace{phase="prover"}:prover.main_trace_commit{phase="prover"}:prover.commit{phase="prover"}:stacked_commit: openvm_cuda_backend::stacked_pcs: stacked_matrix_dimensions height=16777216 width=43
2026-07-29T08:14:56.296181Z  INFO stark_prove_excluding_trace{phase="prover"}:prover.main_trace_commit{phase="prover"}:prover.commit{phase="prover"}:stacked_commit:rs_code_matrix: openvm_cuda_common::memory_manager: GPU mem: used=+5.4 GiB, current=9.0 GiB, peak=9.0 GiB, in pool=26.5 GiB (prover.rs_code_matrix)
2026-07-29T08:14:56.396879Z  INFO stark_prove_excluding_trace{phase="prover"}:prover.main_trace_commit{phase="prover"}:prover.commit{phase="prover"}:stacked_commit:merkle_tree: openvm_cuda_common::memory_manager: GPU mem: used=-5.2 GiB, current=3.8 GiB, peak=9.1 GiB, in pool=26.5 GiB (prover.merkle_tree)
2026-07-29T08:14:56.396930Z  INFO stark_prove_excluding_trace{phase="prover"}:prover.main_trace_commit{phase="prover"}:prover.commit{phase="prover"}:stacked_commit: openvm_cuda_common::memory_manager: GPU mem: used=+160.0 MiB, current=3.8 GiB, peak=9.1 GiB, in pool=26.5 GiB (prover.stacked_commit)
2026-07-29T08:14:56.396946Z  INFO stark_prove_excluding_trace{phase="prover"}:prover.main_trace_commit{phase="prover"}: openvm_stark_backend::prover::metrics: total_trace_cells = 730_150_412 (excluding preprocessed)
2026-07-29T08:14:56.396948Z  INFO stark_prove_excluding_trace{phase="prover"}:prover.main_trace_commit{phase="prover"}: openvm_stark_backend::prover::metrics: preprocessed_trace_cells = 0
2026-07-29T08:14:56.396950Z  INFO stark_prove_excluding_trace{phase="prover"}:prover.main_trace_commit{phase="prover"}: openvm_stark_backend::prover::metrics: main_trace_cells = 730_150_412
2026-07-29T08:14:56.398030Z  INFO stark_prove_excluding_trace{phase="prover"}:prover.rap_constraints{phase="prover"}:prove_zerocheck_and_logup_gpu:prover.rap_constraints.logup_gkr{phase="prover"}: openvm_cuda_backend::logup_zerocheck: n_global=25 n_logup=25
2026-07-29T08:14:56.402701Z  INFO stark_prove_excluding_trace{phase="prover"}:prover.rap_constraints{phase="prover"}:prove_zerocheck_and_logup_gpu:prover.rap_constraints.logup_gkr{phase="prover"}:fractional_sumcheck_gpu: openvm_cuda_common::memory_manager: GPU mem: used=+10.9 GiB, current=14.7 GiB, peak=14.8 GiB, in pool=26.5 GiB (prover.logup_zerocheck_prover:fractional_sumcheck_gkr: after building segment tree)
2026-07-29T08:14:56.737118Z  INFO stark_prove_excluding_trace{phase="prover"}:prover.rap_constraints{phase="prover"}:prove_zerocheck_and_logup_gpu:prover.rap_constraints.logup_gkr{phase="prover"}:fractional_sumcheck_gpu: openvm_cuda_common::memory_manager: GPU mem: used=+13.4 GiB, current=17.2 GiB, peak=17.2 GiB, in pool=26.5 GiB (prover.logup_zerocheck_prover:after_fractional_sumcheck_gkr)
2026-07-29T08:14:56.822295Z  INFO stark_prove_excluding_trace{phase="prover"}: openvm_stark_backend::prover: num_airs_present=21
2026-07-29T08:14:56.822333Z  INFO stark_prove_excluding_trace{phase="prover"}:prover.main_trace_commit{phase="prover"}:prover.commit{phase="prover"}:stacked_commit: openvm_cuda_common::memory_manager: GPU mem: used=+0 B, current=6.3 GiB, peak=6.5 GiB, in pool=26.5 GiB (prover.stacked_commit:before stacked_commit)
2026-07-29T08:14:56.822372Z  INFO stark_prove_excluding_trace{phase="prover"}:prover.main_trace_commit{phase="prover"}:prover.commit{phase="prover"}:stacked_commit: openvm_cuda_backend::stacked_pcs: stacked_matrix_dimensions height=16777216 width=43
2026-07-29T08:14:56.822943Z  INFO stark_prove_excluding_trace{phase="prover"}:prover.main_trace_commit{phase="prover"}:prover.commit{phase="prover"}:stacked_commit:rs_code_matrix: openvm_cuda_common::memory_manager: GPU mem: used=+5.4 GiB, current=11.6 GiB, peak=11.6 GiB, in pool=26.5 GiB (prover.rs_code_matrix)
2026-07-29T08:14:56.953008Z  INFO stark_prove_excluding_trace{phase="prover"}:prover.main_trace_commit{phase="prover"}:prover.commit{phase="prover"}:stacked_commit:merkle_tree: openvm_cuda_common::memory_manager: GPU mem: used=-4.5 GiB, current=7.1 GiB, peak=11.7 GiB, in pool=26.5 GiB (prover.merkle_tree)
2026-07-29T08:14:56.953054Z  INFO stark_prove_excluding_trace{phase="prover"}:prover.main_trace_commit{phase="prover"}:prover.commit{phase="prover"}:stacked_commit: openvm_cuda_common::memory_manager: GPU mem: used=+128.0 MiB, current=6.4 GiB, peak=11.7 GiB, in pool=26.5 GiB (prover.stacked_commit)
2026-07-29T08:14:56.953073Z  INFO stark_prove_excluding_trace{phase="prover"}:prover.main_trace_commit{phase="prover"}: openvm_stark_backend::prover::metrics: total_trace_cells = 730_150_412 (excluding preprocessed)
2026-07-29T08:14:56.953076Z  INFO stark_prove_excluding_trace{phase="prover"}:prover.main_trace_commit{phase="prover"}: openvm_stark_backend::prover::metrics: preprocessed_trace_cells = 0
2026-07-29T08:14:56.953077Z  INFO stark_prove_excluding_trace{phase="prover"}:prover.main_trace_commit{phase="prover"}: openvm_stark_backend::prover::metrics: main_trace_cells = 730_150_412
2026-07-29T08:14:56.953320Z  INFO stark_prove_excluding_trace{phase="prover"}:prover.rap_constraints{phase="prover"}:prove_zerocheck_and_logup_gpu:prover.rap_constraints.logup_gkr{phase="prover"}: openvm_cuda_backend::logup_zerocheck: n_global=25 n_logup=25
2026-07-29T08:14:56.975317Z  INFO stark_prove_excluding_trace{phase="prover"}:prover.rap_constraints{phase="prover"}:prove_zerocheck_and_logup_gpu:prover.rap_constraints.logup_gkr{phase="prover"}:fractional_sumcheck_gpu: openvm_cuda_common::memory_manager: GPU mem: used=+10.8 GiB, current=17.2 GiB, peak=17.3 GiB, in pool=26.5 GiB (prover.logup_zerocheck_prover:fractional_sumcheck_gkr: after building segment tree)
2026-07-29T08:14:57.144107Z  INFO stark_prove_excluding_trace{phase="prover"}:prover.rap_constraints{phase="prover"}:prove_zerocheck_and_logup_gpu:prover.rap_constraints.mle_rounds{phase="prover"}: openvm_cuda_common::memory_manager: GPU mem: used=+14.4 GiB, current=18.2 GiB, peak=20.5 GiB, in pool=26.5 GiB (prover.logup_zerocheck_prover)
2026-07-29T08:14:57.145597Z  INFO stark_prove_excluding_trace{phase="prover"}:prover.rap_constraints{phase="prover"}: openvm_cuda_common::memory_manager: GPU mem: used=+14.4 GiB, current=18.2 GiB, peak=20.5 GiB, in pool=26.5 GiB (prover.rap_constraints)
2026-07-29T08:14:57.195945Z  INFO stark_prove_excluding_trace{phase="prover"}:prover.openings{phase="prover"}:prover.openings.stacked_reduction{phase="prover"}:prover.openings.stacked_reduction.round0{phase="prover"}: openvm_cuda_common::memory_manager: GPU mem: used=+883.1 MiB, current=19.0 GiB, peak=19.0 GiB, in pool=26.5 GiB (prover.stacked_reduction_new:stacked_reduction_sumcheck round 0)
2026-07-29T08:14:57.224511Z  INFO stark_prove_excluding_trace{phase="prover"}:prover.rap_constraints{phase="prover"}:prove_zerocheck_and_logup_gpu:prover.rap_constraints.logup_gkr{phase="prover"}:fractional_sumcheck_gpu: openvm_cuda_common::memory_manager: GPU mem: used=+12.8 GiB, current=19.1 GiB, peak=20.1 GiB, in pool=26.5 GiB (prover.logup_zerocheck_prover:after_fractional_sumcheck_gkr)
2026-07-29T08:14:57.279673Z  INFO stark_prove_excluding_trace{phase="prover"}:prover.openings{phase="prover"}:prover.openings.stacked_reduction{phase="prover"}: openvm_cuda_common::memory_manager: GPU mem: used=-11.8 GiB, current=6.4 GiB, peak=8.0 GiB, in pool=26.5 GiB (prover.stacked_reduction_new)
2026-07-29T08:14:57.293543Z  INFO stark_prove_excluding_trace{phase="prover"}:prover.openings{phase="prover"}:prover.openings.whir{phase="prover"}: openvm_cuda_common::memory_manager: GPU mem: used=+512.0 MiB, current=6.9 GiB, peak=8.0 GiB, in pool=26.5 GiB (prover.prove_whir_opening:before_whir_rounds)
2026-07-29T08:14:57.327746Z  INFO stark_prove_excluding_trace{phase="prover"}:prover.openings{phase="prover"}:prover.openings.whir{phase="prover"}:merkle_tree: openvm_cuda_common::memory_manager: GPU mem: used=+64.0 MiB, current=6.7 GiB, peak=8.0 GiB, in pool=26.5 GiB (prover.merkle_tree)
2026-07-29T08:14:57.331064Z  INFO stark_prove_excluding_trace{phase="prover"}:prover.openings{phase="prover"}:prover.openings.whir{phase="prover"}:rs_code_matrix: openvm_cuda_common::memory_manager: GPU mem: used=+5.4 GiB, current=12.1 GiB, peak=12.1 GiB, in pool=26.5 GiB (prover.rs_code_matrix)
2026-07-29T08:14:57.335988Z  INFO stark_prove_excluding_trace{phase="prover"}:prover.openings{phase="prover"}:prover.openings.whir{phase="prover"}:rs_code_matrix: openvm_cuda_common::memory_manager: GPU mem: used=+128.0 MiB, current=9.5 GiB, peak=9.5 GiB, in pool=26.5 GiB (prover.rs_code_matrix)
2026-07-29T08:14:57.388587Z  INFO stark_prove_excluding_trace{phase="prover"}:prover.openings{phase="prover"}:prover.openings.whir{phase="prover"}: openvm_cuda_common::memory_manager: GPU mem: used=+3.0 GiB, current=9.4 GiB, peak=9.5 GiB, in pool=26.5 GiB (prover.prove_whir_opening:after_initial_whir_round)
2026-07-29T08:14:57.396792Z  INFO stark_prove_excluding_trace{phase="prover"}:prover.openings{phase="prover"}:prover.openings.whir{phase="prover"}:merkle_tree: openvm_cuda_common::memory_manager: GPU mem: used=+32.0 MiB, current=4.0 GiB, peak=9.5 GiB, in pool=26.5 GiB (prover.merkle_tree)
2026-07-29T08:14:57.401766Z  INFO stark_prove_excluding_trace{phase="prover"}:prover.openings{phase="prover"}:prover.openings.whir{phase="prover"}:merkle_tree: openvm_cuda_common::memory_manager: GPU mem: used=+16.0 MiB, current=3.8 GiB, peak=9.5 GiB, in pool=26.5 GiB (prover.merkle_tree)
2026-07-29T08:14:57.421590Z  INFO stark_prove_excluding_trace{phase="prover"}:prover.openings{phase="prover"}:prover.openings.whir{phase="prover"}: openvm_cuda_common::memory_manager: GPU mem: used=-1.9 GiB, current=4.5 GiB, peak=9.5 GiB, in pool=26.5 GiB (prover.prove_whir_opening)
2026-07-29T08:14:57.421629Z  INFO stark_prove_excluding_trace{phase="prover"}:prover.openings{phase="prover"}: openvm_cuda_common::memory_manager: GPU mem: used=-13.7 GiB, current=4.5 GiB, peak=4.5 GiB, in pool=26.5 GiB (prover.openings)
2026-07-29T08:14:57.421642Z  INFO edge_worker::provers::sharded_app_prover::real_impl: Consumer: proved segment 26 (2409ms)
2026-07-29T08:14:57.422404Z  INFO edge_worker::provers::sharded_app_prover::real_impl: Consumer: proving segment 28
2026-07-29T08:14:57.422443Z  INFO edge_worker::handlers: Streaming result 27 for proof repro-01 (worker_id=0)
2026-07-29T08:14:57.452521Z  INFO stark_prove_excluding_trace{phase="prover"}:prover.rap_constraints{phase="prover"}:prove_zerocheck_and_logup_gpu:prover.rap_constraints.mle_rounds{phase="prover"}: openvm_cuda_common::memory_manager: GPU mem: used=-2.4 GiB, current=4.0 GiB, peak=4.5 GiB, in pool=26.5 GiB (prover.logup_zerocheck_prover)
2026-07-29T08:14:57.454033Z  INFO stark_prove_excluding_trace{phase="prover"}:prover.rap_constraints{phase="prover"}: openvm_cuda_common::memory_manager: GPU mem: used=-2.4 GiB, current=4.0 GiB, peak=4.5 GiB, in pool=26.5 GiB (prover.rap_constraints)
2026-07-29T08:14:57.472046Z  INFO stark_prove_excluding_trace{phase="prover"}:prover.openings{phase="prover"}:prover.openings.stacked_reduction{phase="prover"}:prover.openings.stacked_reduction.round0{phase="prover"}: openvm_cuda_common::memory_manager: GPU mem: used=+880.1 MiB, current=4.8 GiB, peak=4.8 GiB, in pool=26.5 GiB (prover.stacked_reduction_new:stacked_reduction_sumcheck round 0)
2026-07-29T08:14:57.684740Z  INFO execute_metered: openvm_circuit::arch::execution_mode::metered::segment_ctx: overshoot: instret  518608000 | total memory (15.4 GiB) > max (15.0 GiB) | main (2.9 GiB) | interaction (12.5 GiB)
2026-07-29T08:14:57.684788Z  INFO execute_metered: openvm_circuit::arch::execution_mode::metered::segment_ctx: Segment  33 | instret  503214000 | 15393000 instructions | 14.9 GiB memory (2.8 GiB, 12.1 GiB) |  286248916 interactions |  8388608 max height (VmAirWrapper<Rv32BaseAluAdapterAir, BaseAluCoreAir<4, 8>) | 80.51% memory util
2026-07-29T08:14:57.684938Z  INFO edge_worker::provers::sharded_app_prover::real_impl: Executor (parallel): sending segment 33 for proving
2026-07-29T08:14:57.692571Z  INFO vm.transport_init_memory:set_initial_memory: openvm_cuda_common::memory_manager: GPU mem: used=+5.7 GiB, current=9.2 GiB, peak=9.2 GiB, in pool=26.5 GiB (set initial memory)
2026-07-29T08:14:57.745275Z  INFO stark_prove_excluding_trace{phase="prover"}:prover.openings{phase="prover"}:prover.openings.stacked_reduction{phase="prover"}: openvm_cuda_common::memory_manager: GPU mem: used=+4.0 GiB, current=8.0 GiB, peak=9.4 GiB, in pool=26.5 GiB (prover.stacked_reduction_new)
2026-07-29T08:14:57.745763Z  INFO stark_prove_excluding_trace{phase="prover"}:prover.openings{phase="prover"}:prover.openings.whir{phase="prover"}: openvm_cuda_common::memory_manager: GPU mem: used=+512.0 MiB, current=8.5 GiB, peak=9.4 GiB, in pool=26.5 GiB (prover.prove_whir_opening:before_whir_rounds)
2026-07-29T08:14:57.763756Z  INFO stark_prove_excluding_trace{phase="prover"}:prover.openings{phase="prover"}:prover.openings.whir{phase="prover"}:merkle_tree: openvm_cuda_common::memory_manager: GPU mem: used=+64.0 MiB, current=8.3 GiB, peak=9.4 GiB, in pool=26.5 GiB (prover.merkle_tree)
2026-07-29T08:14:57.766524Z  INFO stark_prove_excluding_trace{phase="prover"}:prover.openings{phase="prover"}:prover.openings.whir{phase="prover"}:rs_code_matrix: openvm_cuda_common::memory_manager: GPU mem: used=+5.4 GiB, current=13.7 GiB, peak=13.7 GiB, in pool=26.5 GiB (prover.rs_code_matrix)
2026-07-29T08:14:57.766656Z  INFO stark_prove_excluding_trace{phase="prover"}:prover.openings{phase="prover"}:prover.openings.whir{phase="prover"}:rs_code_matrix: openvm_cuda_common::memory_manager: GPU mem: used=+128.0 MiB, current=11.1 GiB, peak=11.1 GiB, in pool=26.5 GiB (prover.rs_code_matrix)
2026-07-29T08:14:57.821584Z  INFO stark_prove_excluding_trace{phase="prover"}:prover.openings{phase="prover"}:prover.openings.whir{phase="prover"}: openvm_cuda_common::memory_manager: GPU mem: used=+3.0 GiB, current=11.0 GiB, peak=11.1 GiB, in pool=26.5 GiB (prover.prove_whir_opening:after_initial_whir_round)
2026-07-29T08:14:57.829461Z  INFO stark_prove_excluding_trace{phase="prover"}:prover.openings{phase="prover"}:prover.openings.whir{phase="prover"}:merkle_tree: openvm_cuda_common::memory_manager: GPU mem: used=+32.0 MiB, current=5.6 GiB, peak=11.1 GiB, in pool=26.5 GiB (prover.merkle_tree)
2026-07-29T08:14:57.833370Z  INFO stark_prove_excluding_trace{phase="prover"}:prover.openings{phase="prover"}:prover.openings.whir{phase="prover"}:merkle_tree: openvm_cuda_common::memory_manager: GPU mem: used=+16.0 MiB, current=5.3 GiB, peak=11.1 GiB, in pool=26.5 GiB (prover.merkle_tree)
2026-07-29T08:14:57.835377Z  INFO stark_prove_excluding_trace{phase="prover"}:prover.openings{phase="prover"}:prover.openings.whir{phase="prover"}: openvm_cuda_common::memory_manager: GPU mem: used=-2.9 GiB, current=5.1 GiB, peak=11.1 GiB, in pool=26.5 GiB (prover.prove_whir_opening)
2026-07-29T08:14:57.835394Z  INFO stark_prove_excluding_trace{phase="prover"}:prover.openings{phase="prover"}: openvm_cuda_common::memory_manager: GPU mem: used=+1.1 GiB, current=5.1 GiB, peak=5.1 GiB, in pool=26.5 GiB (prover.openings)
2026-07-29T08:14:57.836120Z  INFO edge_worker::provers::sharded_app_prover::real_impl: Coordinator-consumer: proved segment 27 (2411ms)
2026-07-29T08:14:57.836136Z  INFO edge_worker::provers::sharded_app_prover::real_impl: Coordinator-consumer: proving segment 29
2026-07-29T08:14:57.836201Z  INFO edge_worker::handlers: Streaming result 28 for proof repro-01 (worker_id=0)
2026-07-29T08:14:58.087269Z  INFO execute_metered: openvm_circuit::arch::execution_mode::metered::segment_ctx: overshoot: instret  534001000 | total memory (15.4 GiB) > max (15.0 GiB) | main (2.9 GiB) | interaction (12.5 GiB)
2026-07-29T08:14:58.087322Z  INFO execute_metered: openvm_circuit::arch::execution_mode::metered::segment_ctx: Segment  34 | instret  518607000 | 15393000 instructions | 14.9 GiB memory (2.8 GiB, 12.1 GiB) |  286251340 interactions |  8388608 max height (VmAirWrapper<Rv32BaseAluAdapterAir, BaseAluCoreAir<4, 8>) | 80.52% memory util
2026-07-29T08:14:58.087498Z  INFO edge_worker::provers::sharded_app_prover::real_impl: Executor (parallel): sending segment 34 for proving
2026-07-29T08:14:58.115827Z  INFO vm.transport_init_memory:set_initial_memory: openvm_cuda_common::memory_manager: GPU mem: used=+4.5 GiB, current=9.6 GiB, peak=9.6 GiB, in pool=26.5 GiB (set initial memory)
2026-07-29T08:14:58.421633Z  INFO trace_gen:system_trace_gen:generate_proving_ctxs: openvm_cuda_common::memory_manager: GPU mem: used=+2.4 MiB, current=9.6 GiB, peak=9.6 GiB, in pool=26.5 GiB (generate mem proving ctxs:merkle update)
2026-07-29T08:14:58.423051Z  INFO trace_gen:system_trace_gen:generate_proving_ctxs: openvm_cuda_common::memory_manager: GPU mem: used=+3.6 MiB, current=9.6 GiB, peak=9.6 GiB, in pool=26.5 GiB (generate mem proving ctxs:boundary tracegen)
2026-07-29T08:14:58.423094Z  INFO trace_gen:system_trace_gen:generate_proving_ctxs: openvm_cuda_common::memory_manager: GPU mem: used=+4.9 MiB, current=9.6 GiB, peak=9.6 GiB, in pool=26.5 GiB (generate mem proving ctxs:dropping merkle tree)
2026-07-29T08:14:58.423203Z  INFO trace_gen:system_trace_gen:generate_proving_ctxs: openvm_cuda_common::memory_manager: GPU mem: used=-4.5 GiB, current=5.1 GiB, peak=9.6 GiB, in pool=26.5 GiB (generate mem proving ctxs)
2026-07-29T08:14:58.638474Z  INFO trace_gen:system_trace_gen:generate_proving_ctxs: openvm_cuda_common::memory_manager: GPU mem: used=+2.5 MiB, current=6.3 GiB, peak=9.6 GiB, in pool=26.5 GiB (generate mem proving ctxs:merkle update)
2026-07-29T08:14:58.640034Z  INFO trace_gen:system_trace_gen:generate_proving_ctxs: openvm_cuda_common::memory_manager: GPU mem: used=+3.6 MiB, current=6.3 GiB, peak=9.6 GiB, in pool=26.5 GiB (generate mem proving ctxs:boundary tracegen)
2026-07-29T08:14:58.640089Z  INFO trace_gen:system_trace_gen:generate_proving_ctxs: openvm_cuda_common::memory_manager: GPU mem: used=+4.9 MiB, current=6.3 GiB, peak=9.6 GiB, in pool=26.5 GiB (generate mem proving ctxs:dropping merkle tree)
2026-07-29T08:14:58.640198Z  INFO trace_gen:system_trace_gen:generate_proving_ctxs: openvm_cuda_common::memory_manager: GPU mem: used=-4.5 GiB, current=1.8 GiB, peak=9.6 GiB, in pool=26.5 GiB (generate mem proving ctxs)
2026-07-29T08:14:59.001542Z  INFO stark_prove_excluding_trace{phase="prover"}: openvm_stark_backend::prover: num_airs_present=21
2026-07-29T08:14:59.001581Z  INFO stark_prove_excluding_trace{phase="prover"}:prover.main_trace_commit{phase="prover"}:prover.commit{phase="prover"}:stacked_commit: openvm_cuda_common::memory_manager: GPU mem: used=+0 B, current=4.5 GiB, peak=9.6 GiB, in pool=26.5 GiB (prover.stacked_commit:before stacked_commit)
2026-07-29T08:14:59.001627Z  INFO stark_prove_excluding_trace{phase="prover"}:prover.main_trace_commit{phase="prover"}:prover.commit{phase="prover"}:stacked_commit: openvm_cuda_backend::stacked_pcs: stacked_matrix_dimensions height=16777216 width=43
2026-07-29T08:14:59.002283Z  INFO stark_prove_excluding_trace{phase="prover"}:prover.main_trace_commit{phase="prover"}:prover.commit{phase="prover"}:stacked_commit:rs_code_matrix: openvm_cuda_common::memory_manager: GPU mem: used=+5.4 GiB, current=9.9 GiB, peak=9.9 GiB, in pool=26.5 GiB (prover.rs_code_matrix)
2026-07-29T08:14:59.102195Z  INFO stark_prove_excluding_trace{phase="prover"}:prover.main_trace_commit{phase="prover"}:prover.commit{phase="prover"}:stacked_commit:merkle_tree: openvm_cuda_common::memory_manager: GPU mem: used=-5.2 GiB, current=4.7 GiB, peak=10.0 GiB, in pool=26.5 GiB (prover.merkle_tree)
2026-07-29T08:14:59.102253Z  INFO stark_prove_excluding_trace{phase="prover"}:prover.main_trace_commit{phase="prover"}:prover.commit{phase="prover"}:stacked_commit: openvm_cuda_common::memory_manager: GPU mem: used=+160.0 MiB, current=4.7 GiB, peak=10.0 GiB, in pool=26.5 GiB (prover.stacked_commit)
2026-07-29T08:14:59.102280Z  INFO stark_prove_excluding_trace{phase="prover"}:prover.main_trace_commit{phase="prover"}: openvm_stark_backend::prover::metrics: total_trace_cells = 730_150_412 (excluding preprocessed)
2026-07-29T08:14:59.102285Z  INFO stark_prove_excluding_trace{phase="prover"}:prover.main_trace_commit{phase="prover"}: openvm_stark_backend::prover::metrics: preprocessed_trace_cells = 0
2026-07-29T08:14:59.102288Z  INFO stark_prove_excluding_trace{phase="prover"}:prover.main_trace_commit{phase="prover"}: openvm_stark_backend::prover::metrics: main_trace_cells = 730_150_412
2026-07-29T08:14:59.103219Z  INFO stark_prove_excluding_trace{phase="prover"}:prover.rap_constraints{phase="prover"}:prove_zerocheck_and_logup_gpu:prover.rap_constraints.logup_gkr{phase="prover"}: openvm_cuda_backend::logup_zerocheck: n_global=25 n_logup=25
2026-07-29T08:14:59.113036Z  INFO stark_prove_excluding_trace{phase="prover"}:prover.rap_constraints{phase="prover"}:prove_zerocheck_and_logup_gpu:prover.rap_constraints.logup_gkr{phase="prover"}:fractional_sumcheck_gpu: openvm_cuda_common::memory_manager: GPU mem: used=+10.9 GiB, current=15.6 GiB, peak=15.7 GiB, in pool=26.5 GiB (prover.logup_zerocheck_prover:fractional_sumcheck_gkr: after building segment tree)
2026-07-29T08:14:59.394534Z  INFO stark_prove_excluding_trace{phase="prover"}: openvm_stark_backend::prover: num_airs_present=21
2026-07-29T08:14:59.394572Z  INFO stark_prove_excluding_trace{phase="prover"}:prover.main_trace_commit{phase="prover"}:prover.commit{phase="prover"}:stacked_commit: openvm_cuda_common::memory_manager: GPU mem: used=+0 B, current=18.1 GiB, peak=18.4 GiB, in pool=26.5 GiB (prover.stacked_commit:before stacked_commit)
2026-07-29T08:14:59.394613Z  INFO stark_prove_excluding_trace{phase="prover"}:prover.main_trace_commit{phase="prover"}:prover.commit{phase="prover"}:stacked_commit: openvm_cuda_backend::stacked_pcs: stacked_matrix_dimensions height=16777216 width=43
2026-07-29T08:14:59.407297Z  INFO stark_prove_excluding_trace{phase="prover"}:prover.main_trace_commit{phase="prover"}:prover.commit{phase="prover"}:stacked_commit:rs_code_matrix: openvm_cuda_common::memory_manager: GPU mem: used=+5.4 GiB, current=23.4 GiB, peak=23.4 GiB, in pool=26.5 GiB (prover.rs_code_matrix)
2026-07-29T08:14:59.507751Z  INFO stark_prove_excluding_trace{phase="prover"}:prover.main_trace_commit{phase="prover"}:prover.commit{phase="prover"}:stacked_commit:merkle_tree: openvm_cuda_common::memory_manager: GPU mem: used=-5.3 GiB, current=18.2 GiB, peak=23.5 GiB, in pool=26.5 GiB (prover.merkle_tree)
2026-07-29T08:14:59.507821Z  INFO stark_prove_excluding_trace{phase="prover"}:prover.main_trace_commit{phase="prover"}:prover.commit{phase="prover"}:stacked_commit: openvm_cuda_common::memory_manager: GPU mem: used=+127.7 MiB, current=18.2 GiB, peak=23.5 GiB, in pool=26.5 GiB (prover.stacked_commit)
2026-07-29T08:14:59.507847Z  INFO stark_prove_excluding_trace{phase="prover"}:prover.main_trace_commit{phase="prover"}: openvm_stark_backend::prover::metrics: total_trace_cells = 730_150_412 (excluding preprocessed)
2026-07-29T08:14:59.507851Z  INFO stark_prove_excluding_trace{phase="prover"}:prover.main_trace_commit{phase="prover"}: openvm_stark_backend::prover::metrics: preprocessed_trace_cells = 0
2026-07-29T08:14:59.507855Z  INFO stark_prove_excluding_trace{phase="prover"}:prover.main_trace_commit{phase="prover"}: openvm_stark_backend::prover::metrics: main_trace_cells = 730_150_412
2026-07-29T08:14:59.508147Z  INFO stark_prove_excluding_trace{phase="prover"}:prover.rap_constraints{phase="prover"}:prove_zerocheck_and_logup_gpu:prover.rap_constraints.logup_gkr{phase="prover"}: openvm_cuda_backend::logup_zerocheck: n_global=25 n_logup=25
2026-07-29T08:14:59.602858Z  INFO stark_prove_excluding_trace{phase="prover"}:prover.rap_constraints{phase="prover"}:prove_zerocheck_and_logup_gpu:prover.rap_constraints.logup_gkr{phase="prover"}:fractional_sumcheck_gpu: openvm_cuda_common::memory_manager: GPU mem: used=+10.8 GiB, current=29.0 GiB, peak=29.1 GiB, in pool=28.8 GiB (prover.logup_zerocheck_prover:fractional_sumcheck_gkr: after building segment tree)
2026-07-29T08:14:59.678356Z  INFO stark_prove_excluding_trace{phase="prover"}:prover.rap_constraints{phase="prover"}:prove_zerocheck_and_logup_gpu:prover.rap_constraints.logup_gkr{phase="prover"}:fractional_sumcheck_gpu: openvm_cuda_common::memory_manager: GPU mem: used=+25.4 GiB, current=30.0 GiB, peak=30.0 GiB, in pool=29.8 GiB (prover.logup_zerocheck_prover:after_fractional_sumcheck_gkr)
2026-07-29T08:14:59.871427Z  INFO stark_prove_excluding_trace{phase="prover"}:prover.rap_constraints{phase="prover"}:prove_zerocheck_and_logup_gpu:prover.rap_constraints.mle_rounds{phase="prover"}: openvm_cuda_common::memory_manager: GPU mem: used=+13.5 GiB, current=18.2 GiB, peak=20.5 GiB, in pool=29.8 GiB (prover.logup_zerocheck_prover)
2026-07-29T08:14:59.872646Z  INFO stark_prove_excluding_trace{phase="prover"}:prover.rap_constraints{phase="prover"}: openvm_cuda_common::memory_manager: GPU mem: used=+13.5 GiB, current=18.2 GiB, peak=20.5 GiB, in pool=29.8 GiB (prover.rap_constraints)
2026-07-29T08:14:59.903242Z  INFO stark_prove_excluding_trace{phase="prover"}:prover.rap_constraints{phase="prover"}:prove_zerocheck_and_logup_gpu:prover.rap_constraints.logup_gkr{phase="prover"}:fractional_sumcheck_gpu: openvm_cuda_common::memory_manager: GPU mem: used=+881.6 MiB, current=19.0 GiB, peak=19.0 GiB, in pool=29.8 GiB (prover.logup_zerocheck_prover:after_fractional_sumcheck_gkr)
2026-07-29T08:14:59.905718Z  INFO stark_prove_excluding_trace{phase="prover"}:prover.openings{phase="prover"}:prover.openings.stacked_reduction{phase="prover"}:prover.openings.stacked_reduction.round0{phase="prover"}: openvm_cuda_common::memory_manager: GPU mem: used=-11.0 GiB, current=7.2 GiB, peak=7.2 GiB, in pool=29.8 GiB (prover.stacked_reduction_new:stacked_reduction_sumcheck round 0)
2026-07-29T08:15:00.000026Z  INFO stark_prove_excluding_trace{phase="prover"}:prover.openings{phase="prover"}:prover.openings.stacked_reduction{phase="prover"}: openvm_cuda_common::memory_manager: GPU mem: used=-11.8 GiB, current=6.4 GiB, peak=8.4 GiB, in pool=29.8 GiB (prover.stacked_reduction_new)
2026-07-29T08:15:00.003987Z  INFO stark_prove_excluding_trace{phase="prover"}:prover.openings{phase="prover"}:prover.openings.whir{phase="prover"}: openvm_cuda_common::memory_manager: GPU mem: used=+512.0 MiB, current=6.9 GiB, peak=8.4 GiB, in pool=29.8 GiB (prover.prove_whir_opening:before_whir_rounds)
2026-07-29T08:15:00.018758Z  INFO stark_prove_excluding_trace{phase="prover"}:prover.openings{phase="prover"}:prover.openings.whir{phase="prover"}:merkle_tree: openvm_cuda_common::memory_manager: GPU mem: used=+64.0 MiB, current=6.7 GiB, peak=8.4 GiB, in pool=29.8 GiB (prover.merkle_tree)
2026-07-29T08:15:00.022381Z  INFO stark_prove_excluding_trace{phase="prover"}:prover.openings{phase="prover"}:prover.openings.whir{phase="prover"}:rs_code_matrix: openvm_cuda_common::memory_manager: GPU mem: used=+5.4 GiB, current=14.1 GiB, peak=14.1 GiB, in pool=29.8 GiB (prover.rs_code_matrix)
2026-07-29T08:15:00.078669Z  INFO stark_prove_excluding_trace{phase="prover"}:prover.openings{phase="prover"}:prover.openings.whir{phase="prover"}:rs_code_matrix: openvm_cuda_common::memory_manager: GPU mem: used=+128.0 MiB, current=11.5 GiB, peak=11.5 GiB, in pool=29.8 GiB (prover.rs_code_matrix)
2026-07-29T08:15:00.088016Z  INFO stark_prove_excluding_trace{phase="prover"}:prover.openings{phase="prover"}:prover.openings.whir{phase="prover"}: openvm_cuda_common::memory_manager: GPU mem: used=+5.0 GiB, current=11.3 GiB, peak=11.8 GiB, in pool=29.8 GiB (prover.prove_whir_opening:after_initial_whir_round)
2026-07-29T08:15:00.092595Z ERROR stark_prove_excluding_trace{phase="prover"}:prover.rap_constraints{phase="prover"}:prove_zerocheck_and_logup_gpu:prover.rap_constraints.mle_rounds{phase="prover"}:LogupZerocheck::sumcheck_polys_batch_eval{round=2}: openvm_cuda_common::memory_manager: cudaMallocAsync failed: size=11010048: CudaError { code: 2, name: "cudaErrorMemoryAllocation", message: "out of memory" }
[31mThe application panicked (crashed).[0m
Message:  [36mGPU allocation failed: Cuda(CudaError { code: 2, name: "cudaErrorMemoryAllocation", message: "out of memory" })[0m
Location: [35m<CARGO_HOME>/git/checkouts/stark-backend-60dbc4e9580452d6/f2b680f/crates/cuda-common/src/d_buffer.rs[0m:[35m83[0m

Backtrace omitted. Run with RUST_BACKTRACE=1 environment variable to display it.
Run with RUST_BACKTRACE=full to include source snippets.
Warning: SpanTrace capture is Unsupported.
Ensure that you've setup a tracing-error ErrorLayer and the semver versions are compatible
2026-07-29T08:15:00.098454Z  INFO stark_prove_excluding_trace{phase="prover"}:prover.openings{phase="prover"}:prover.openings.whir{phase="prover"}:merkle_tree: openvm_cuda_common::memory_manager: GPU mem: used=-274.4 MiB, current=4.1 GiB, peak=11.8 GiB, in pool=29.8 GiB (prover.merkle_tree)
2026-07-29T08:15:00.098800Z  INFO stark_prove_excluding_trace{phase="prover"}:prover.rap_constraints{phase="prover"}:prove_zerocheck_and_logup_gpu: openvm_cuda_common::memory_manager: GPU mem: used=-14.2 GiB, current=3.9 GiB, peak=11.8 GiB, in pool=29.8 GiB (prover.logup_zerocheck_prover)
2026-07-29T08:15:00.098845Z  INFO stark_prove_excluding_trace{phase="prover"}:prover.rap_constraints{phase="prover"}: openvm_cuda_common::memory_manager: GPU mem: used=-14.2 GiB, current=3.9 GiB, peak=11.8 GiB, in pool=29.8 GiB (prover.rap_constraints)
2026-07-29T08:15:00.098969Z ERROR edge_worker::prover_pool: Worker app-prover-1 panicked: GPU allocation failed: Cuda(CudaError { code: 2, name: "cudaErrorMemoryAllocation", message: "out of memory" })
2026-07-29T08:15:00.102401Z  INFO stark_prove_excluding_trace{phase="prover"}:prover.openings{phase="prover"}:prover.openings.whir{phase="prover"}:merkle_tree: openvm_cuda_common::memory_manager: GPU mem: used=+16.0 MiB, current=860.6 MiB, peak=11.8 GiB, in pool=29.8 GiB (prover.merkle_tree)
2026-07-29T08:15:00.105192Z  INFO stark_prove_excluding_trace{phase="prover"}:prover.openings{phase="prover"}:prover.openings.whir{phase="prover"}: openvm_cuda_common::memory_manager: GPU mem: used=-5.8 GiB, current=619.4 MiB, peak=11.8 GiB, in pool=29.8 GiB (prover.prove_whir_opening)
2026-07-29T08:15:00.105218Z  INFO stark_prove_excluding_trace{phase="prover"}:prover.openings{phase="prover"}: openvm_cuda_common::memory_manager: GPU mem: used=-17.6 GiB, current=619.4 MiB, peak=619.4 MiB, in pool=29.8 GiB (prover.openings)
2026-07-29T08:15:00.105230Z  INFO edge_worker::provers::sharded_app_prover::real_impl: Consumer: proved segment 28 (2682ms)
2026-07-29T08:15:00.105677Z  INFO edge_worker::provers::sharded_app_prover::real_impl: Consumer: proving segment 30
2026-07-29T08:15:00.105719Z  INFO edge_worker::handlers: Streaming result 29 for proof repro-01 (worker_id=0)
2026-07-29T08:15:00.332299Z  INFO execute_metered: openvm_circuit::arch::execution_mode::metered::segment_ctx: overshoot: instret  549396000 | total memory (15.4 GiB) > max (15.0 GiB) | main (2.9 GiB) | interaction (12.5 GiB)
2026-07-29T08:15:00.332355Z  INFO execute_metered: openvm_circuit::arch::execution_mode::metered::segment_ctx: Segment  35 | instret  534000000 | 15395000 instructions | 14.9 GiB memory (2.8 GiB, 12.1 GiB) |  286286149 interactions |  8388608 max height (VmAirWrapper<Rv32BaseAluAdapterAir, BaseAluCoreAir<4, 8>) | 80.52% memory util
2026-07-29T08:15:00.332526Z  INFO edge_worker::provers::sharded_app_prover::real_impl: Executor (parallel): sending segment 35 for proving
2026-07-29T08:15:00.372818Z  INFO vm.transport_init_memory:set_initial_memory: openvm_cuda_common::memory_manager: GPU mem: used=+4.5 GiB, current=5.1 GiB, peak=5.1 GiB, in pool=29.8 GiB (set initial memory)
2026-07-29T08:15:01.063558Z  INFO trace_gen:system_trace_gen:generate_proving_ctxs: openvm_cuda_common::memory_manager: GPU mem: used=+2.5 MiB, current=5.1 GiB, peak=5.1 GiB, in pool=29.8 GiB (generate mem proving ctxs:merkle update)
2026-07-29T08:15:01.064962Z  INFO trace_gen:system_trace_gen:generate_proving_ctxs: openvm_cuda_common::memory_manager: GPU mem: used=+3.6 MiB, current=5.1 GiB, peak=5.1 GiB, in pool=29.8 GiB (generate mem proving ctxs:boundary tracegen)
2026-07-29T08:15:01.065002Z  INFO trace_gen:system_trace_gen:generate_proving_ctxs: openvm_cuda_common::memory_manager: GPU mem: used=+4.9 MiB, current=5.1 GiB, peak=5.1 GiB, in pool=29.8 GiB (generate mem proving ctxs:dropping merkle tree)
2026-07-29T08:15:01.065103Z  INFO trace_gen:system_trace_gen:generate_proving_ctxs: openvm_cuda_common::memory_manager: GPU mem: used=-4.5 GiB, current=628.3 MiB, peak=5.1 GiB, in pool=29.8 GiB (generate mem proving ctxs)
2026-07-29T08:15:01.485633Z  INFO stark_prove_excluding_trace{phase="prover"}: openvm_stark_backend::prover: num_airs_present=21
2026-07-29T08:15:01.485667Z  INFO stark_prove_excluding_trace{phase="prover"}:prover.main_trace_commit{phase="prover"}:prover.commit{phase="prover"}:stacked_commit: openvm_cuda_common::memory_manager: GPU mem: used=+0 B, current=3.3 GiB, peak=5.1 GiB, in pool=29.8 GiB (prover.stacked_commit:before stacked_commit)
2026-07-29T08:15:01.485694Z  INFO stark_prove_excluding_trace{phase="prover"}:prover.main_trace_commit{phase="prover"}:prover.commit{phase="prover"}:stacked_commit: openvm_cuda_backend::stacked_pcs: stacked_matrix_dimensions height=16777216 width=43
2026-07-29T08:15:01.486255Z  INFO stark_prove_excluding_trace{phase="prover"}:prover.main_trace_commit{phase="prover"}:prover.commit{phase="prover"}:stacked_commit:rs_code_matrix: openvm_cuda_common::memory_manager: GPU mem: used=+5.4 GiB, current=8.7 GiB, peak=8.7 GiB, in pool=29.8 GiB (prover.rs_code_matrix)
2026-07-29T08:15:01.586434Z  INFO stark_prove_excluding_trace{phase="prover"}:prover.main_trace_commit{phase="prover"}:prover.commit{phase="prover"}:stacked_commit:merkle_tree: openvm_cuda_common::memory_manager: GPU mem: used=-5.3 GiB, current=3.5 GiB, peak=8.8 GiB, in pool=29.8 GiB (prover.merkle_tree)
2026-07-29T08:15:01.586476Z  INFO stark_prove_excluding_trace{phase="prover"}:prover.main_trace_commit{phase="prover"}:prover.commit{phase="prover"}:stacked_commit: openvm_cuda_common::memory_manager: GPU mem: used=+128.0 MiB, current=3.5 GiB, peak=8.8 GiB, in pool=29.8 GiB (prover.stacked_commit)
2026-07-29T08:15:01.586499Z  INFO stark_prove_excluding_trace{phase="prover"}:prover.main_trace_commit{phase="prover"}: openvm_stark_backend::prover::metrics: total_trace_cells = 730_150_412 (excluding preprocessed)
2026-07-29T08:15:01.586504Z  INFO stark_prove_excluding_trace{phase="prover"}:prover.main_trace_commit{phase="prover"}: openvm_stark_backend::prover::metrics: preprocessed_trace_cells = 0
2026-07-29T08:15:01.586519Z  INFO stark_prove_excluding_trace{phase="prover"}:prover.main_trace_commit{phase="prover"}: openvm_stark_backend::prover::metrics: main_trace_cells = 730_150_412
2026-07-29T08:15:01.586822Z  INFO stark_prove_excluding_trace{phase="prover"}:prover.rap_constraints{phase="prover"}:prove_zerocheck_and_logup_gpu:prover.rap_constraints.logup_gkr{phase="prover"}: openvm_cuda_backend::logup_zerocheck: n_global=25 n_logup=25
2026-07-29T08:15:01.587483Z  INFO stark_prove_excluding_trace{phase="prover"}:prover.rap_constraints{phase="prover"}:prove_zerocheck_and_logup_gpu:prover.rap_constraints.logup_gkr{phase="prover"}:fractional_sumcheck_gpu: openvm_cuda_common::memory_manager: GPU mem: used=+10.8 GiB, current=14.3 GiB, peak=14.4 GiB, in pool=29.8 GiB (prover.logup_zerocheck_prover:fractional_sumcheck_gkr: after building segment tree)
2026-07-29T08:15:01.783262Z  INFO stark_prove_excluding_trace{phase="prover"}:prover.rap_constraints{phase="prover"}:prove_zerocheck_and_logup_gpu:prover.rap_constraints.logup_gkr{phase="prover"}:fractional_sumcheck_gpu: openvm_cuda_common::memory_manager: GPU mem: used=+11.9 GiB, current=15.3 GiB, peak=15.3 GiB, in pool=29.8 GiB (prover.logup_zerocheck_prover:after_fractional_sumcheck_gkr)
2026-07-29T08:15:01.894252Z ERROR stark_prove_excluding_trace{phase="prover"}:prover.rap_constraints{phase="prover"}:prove_zerocheck_and_logup_gpu:prover.rap_constraints.mle_rounds{phase="prover"}:LogupZerocheck::sumcheck_polys_batch_eval{round=2}: openvm_cuda_common::memory_manager: cudaMallocAsync failed: size=11010048: CudaError { code: 2, name: "cudaErrorMemoryAllocation", message: "out of memory" }
[31mThe application panicked (crashed).[0m
Message:  [36mGPU allocation failed: Cuda(CudaError { code: 2, name: "cudaErrorMemoryAllocation", message: "out of memory" })[0m
Location: [35m<CARGO_HOME>/git/checkouts/stark-backend-60dbc4e9580452d6/f2b680f/crates/cuda-common/src/d_buffer.rs[0m:[35m83[0m

Backtrace omitted. Run with RUST_BACKTRACE=1 environment variable to display it.
Run with RUST_BACKTRACE=full to include source snippets.
Warning: SpanTrace capture is Unsupported.
Ensure that you've setup a tracing-error ErrorLayer and the semver versions are compatible
2026-07-29T08:15:01.894835Z  INFO stark_prove_excluding_trace{phase="prover"}:prover.rap_constraints{phase="prover"}:prove_zerocheck_and_logup_gpu: openvm_cuda_common::memory_manager: GPU mem: used=+0 B, current=3.5 GiB, peak=5.8 GiB, in pool=29.8 GiB (prover.logup_zerocheck_prover)
2026-07-29T08:15:01.894866Z  INFO stark_prove_excluding_trace{phase="prover"}:prover.rap_constraints{phase="prover"}: openvm_cuda_common::memory_manager: GPU mem: used=+72 B, current=3.5 GiB, peak=5.8 GiB, in pool=29.8 GiB (prover.rap_constraints)
2026-07-29T08:15:01.894971Z ERROR edge_worker::prover_pool: Worker app-prover-0 panicked: GPU allocation failed: Cuda(CudaError { code: 2, name: "cudaErrorMemoryAllocation", message: "out of memory" })
2026-07-29T08:15:01.895011Z ERROR edge_worker::handlers: App proving failed: Parallel app coordinator failed: Prover panicked: GPU allocation failed: Cuda(CudaError { code: 2, name: "cudaErrorMemoryAllocation", message: "out of memory" }); consumer failure(s): Prover panicked: GPU allocation failed: Cuda(CudaError { code: 2, name: "cudaErrorMemoryAllocation", message: "out of memory" })
2026-07-29T08:15:01.895042Z  WARN submit_error{error_msg="Parallel app coordinator failed: Prover panicked: GPU allocation failed: Cuda(CudaError { code: 2, name: \"cudaErrorMemoryAllocation\", message: \"out of memory\" }); consumer failure(s): Prover panicked: GPU allocation failed: Cuda(CudaError { code: 2, name: \"cudaErrorMemoryAllocation\", message: \"out of memory\" })" proof_uuid=repro-01}: edge_worker::result_client: Submitting error for proof repro-01: Parallel app coordinator failed: Prover panicked: GPU allocation failed: Cuda(CudaError { code: 2, name: "cudaErrorMemoryAllocation", message: "out of memory" }); consumer failure(s): Prover panicked: GPU allocation failed: Cuda(CudaError { code: 2, name: "cudaErrorMemoryAllocation", message: "out of memory" })
2026-07-29T08:15:01.895493Z  INFO submit_error{error_msg="Parallel app coordinator failed: Prover panicked: GPU allocation failed: Cuda(CudaError { code: 2, name: \"cudaErrorMemoryAllocation\", message: \"out of memory\" }); consumer failure(s): Prover panicked: GPU allocation failed: Cuda(CudaError { code: 2, name: \"cudaErrorMemoryAllocation\", message: \"out of memory\" })" proof_uuid=repro-01}: edge_worker::result_client: Successfully submitted error for proof repro-01
2026-07-29T08:15:02.054646Z  INFO edge_worker::handlers: Sender task finished for proof repro-01: streamed 29 results
2026-07-29T08:15:02.054854Z  INFO edge_worker::handlers: Cleaned uploaded input directory "/dev/shm/edge_repro-01"
2026-07-29T08:15:17.630285Z  INFO register_worker{worker_id=0 max_app_provers=2 max_leaf_provers=2 max_internal_provers=1 worker_role=Full worker_url=http://127.0.0.1:8001}: edge_worker::result_client: Registering worker at http://127.0.0.1:8001 with manager
2026-07-29T08:15:17.630602Z  INFO register_worker{worker_id=0 max_app_provers=2 max_leaf_provers=2 max_internal_provers=1 worker_role=Full worker_url=http://127.0.0.1:8001}: edge_worker::result_client: Successfully registered with manager, confirmed worker_id=0
2026-07-29T08:15:47.629819Z  INFO register_worker{worker_id=0 max_app_provers=2 max_leaf_provers=2 max_internal_provers=1 worker_role=Full worker_url=http://127.0.0.1:8001}: edge_worker::result_client: Registering worker at http://127.0.0.1:8001 with manager
2026-07-29T08:15:47.630187Z  INFO register_worker{worker_id=0 max_app_provers=2 max_leaf_provers=2 max_internal_provers=1 worker_role=Full worker_url=http://127.0.0.1:8001}: edge_worker::result_client: Successfully registered with manager, confirmed worker_id=0
